[
  {
    "name": "Chamonix",
    "coordinates": [6.86955, 45.923061],
    "population": 10539000,
    "year": 1924,
    "showLabel": false
  },
  {
    "name": "St. Moritz ",
    "coordinates": [9.834501, 46.490384],
    "population": 10539000,
    "year": 1928,
    "showLabel": false
  },
  {
    "name": "Lake Placid ",
    "coordinates": [-73.981152, 44.281163],
    "population": 10539000,
    "year": 1932,
    "showLabel": true
  },
  {
    "name": "Garmisch Partenkirchen ",
    "coordinates": [11.096127, 47.488369],
    "population": 10539000,
    "year": 1932,
    "showLabel": false
  },
  {
    "name": "St. Moritz ",
    "coordinates": [9.834501, 46.490384],
    "population": 10539000,
    "year": 1948,
    "showLabel": false
  },
  {
    "name": "Oslo ",
    "coordinates": [10.6684254, 59.9060912],
    "population": 10539000,
    "year": 1952,
    "showLabel": true
  },
  {
    "name": "Cortina d'Ampezzo ",
    "coordinates": [12.1072064, 46.5324079],
    "population": 10539000,
    "year": 1956,
    "showLabel": true
  },
  {
    "name": "Squaw Valley ",
    "coordinates": [-120.2287915, 39.2034118],
    "population": 10539000,
    "year": 1960,
    "showLabel": true
  },
  {
    "name": "Innsbruck ",
    "coordinates": [11.3085789, 47.2854336],
    "population": 10539000,
    "year": 1964,
    "showLabel": false
  },
  {
    "name": "Grenoble ",
    "coordinates": [5.6804349, 45.1842279],
    "population": 10539000,
    "year": 1964,
    "showLabel": false
  },
  {
    "name": "Sapporo ",
    "coordinates": [141.107547, 42.9852503],
    "population": 10539000,
    "year": 1972,
    "showLabel": true
  },
  {
    "name": "Innsbruck ",
    "coordinates": [11.3085789, 47.2854336],
    "population": 10539000,
    "year": 1976,
    "showLabel": false
  },
  {
    "name": "Lake Placid ",
    "coordinates": [-73.981152, 44.281163],
    "population": 10539000,
    "year": 1980,
    "showLabel": true
  },
  {
    "name": "Sarajevo ",
    "coordinates": [18.3127804, 43.8937018],
    "population": 10539000,
    "year": 1984,
    "showLabel": true
  },
  {
    "name": "Calgary ",
    "coordinates": [-114.2282595, 51.0275392],
    "population": 10539000,
    "year": 1988,
    "showLabel": true
  },
  {
    "name": "Albertville ",
    "coordinates": [6.3925, 45.675833],
    "population": 10539000,
    "year": 1992,
    "showLabel": false
  },
  {
    "name": "Lillehammer ",
    "coordinates": [10.4386779, 61.1122408],
    "population": 10539000,
    "year": 1994,
    "showLabel": false
  },
  {
    "name": "Nagano ",
    "coordinates": [137.9740876, 36.6481619],
    "population": 10539000,
    "year": 1998,
    "showLabel": true
  },
  {
    "name": "Salt Lake City",
    "coordinates": [-111.9906962, 40.7765867],
    "population": 10539000,
    "year": 2002,
    "showLabel": true
  },
  {
    "name": "Turin ",
    "coordinates": [7.6053955, 45.0734672],
    "population": 10539000,
    "year": 2006,
    "showLabel": true
  },
  {
    "name": "Vancouver ",
    "coordinates": [-123.1941149, 49.2577142],
    "population": 10539000,
    "year": 2010,
    "showLabel": true
  },
  {
    "name": "Sochi ",
    "coordinates": [39.6549178, 43.6017],
    "population": 10539000,
    "year": 2014,
    "showLabel": true
  },
  {
    "name": "Pyeongchang ",
    "coordinates": [128.2231124, 37.5431899],
    "population": 10539000,
    "year": 2018,
    "showLabel": false
  },
  {
    "name": "Beijing ",
    "coordinates": [116.383331, 39.916668],
    "population": 10000,
    "year": 2022,
    "showLabel": true
  }
]
