[
  { "country": "Afghanistan", "2code": "AF", "3code": "AFG" },
  { "country": "\u00c5land Islands", "2code": "AX", "3code": "ALA" },
  { "country": "Albania", "2code": "AL", "3code": "ALB" },
  { "country": "Algeria", "2code": "DZ", "3code": "DZA" },
  { "country": "American Samoa", "2code": "AS", "3code": "ASM" },
  { "country": "Andorra", "2code": "AD", "3code": "AND" },
  { "country": "Angola", "2code": "AO", "3code": "AGO" },
  { "country": "Anguilla", "2code": "AI", "3code": "AIA" },
  { "country": "Antarctica", "2code": "AQ", "3code": "ATA" },
  { "country": "Antigua and Barbuda", "2code": "AG", "3code": "ATG" },
  { "country": "Argentina", "2code": "AR", "3code": "ARG" },
  { "country": "Armenia", "2code": "AM", "3code": "ARM" },
  { "country": "Aruba", "2code": "AW", "3code": "ABW" },
  { "country": "Australia", "2code": "AU", "3code": "AUS" },
  { "country": "Austria", "2code": "AT", "3code": "AUT" },
  { "country": "Azerbaijan", "2code": "AZ", "3code": "AZE" },
  { "country": "Bahamas (the)", "2code": "BS", "3code": "BHS" },
  { "country": "Bahrain", "2code": "BH", "3code": "BHR" },
  { "country": "Bangladesh", "2code": "BD", "3code": "BGD" },
  { "country": "Barbados", "2code": "BB", "3code": "BRB" },
  { "country": "Belarus", "2code": "BY", "3code": "BLR" },
  { "country": "Belgium", "2code": "BE", "3code": "BEL" },
  { "country": "Belize", "2code": "BZ", "3code": "BLZ" },
  { "country": "Benin", "2code": "BJ", "3code": "BEN" },
  { "country": "Bermuda", "2code": "BM", "3code": "BMU" },
  { "country": "Bhutan", "2code": "BT", "3code": "BTN" },
  { "country": "Bolivia (Plurinational State of)", "2code": "BO", "3code": "BOL" },
  { "country": "Bonaire, Sint Eustatius and Saba", "2code": "BQ", "3code": "BES" },
  { "country": "Bosnia and Herzegovina", "2code": "BA", "3code": "BIH" },
  { "country": "Botswana", "2code": "BW", "3code": "BWA" },
  { "country": "Bouvet Island", "2code": "BV", "3code": "BVT" },
  { "country": "Brazil", "2code": "BR", "3code": "BRA" },
  { "country": "British Indian Ocean Territory (the)", "2code": "IO", "3code": "IOT" },
  { "country": "Brunei Darussalam", "2code": "BN", "3code": "BRN" },
  { "country": "Bulgaria", "2code": "BG", "3code": "BGR" },
  { "country": "Burkina Faso", "2code": "BF", "3code": "BFA" },
  { "country": "Burundi", "2code": "BI", "3code": "BDI" },
  { "country": "Cabo Verde", "2code": "CV", "3code": "CPV" },
  { "country": "Cambodia", "2code": "KH", "3code": "KHM" },
  { "country": "Cameroon", "2code": "CM", "3code": "CMR" },
  { "country": "Canada", "2code": "CA", "3code": "CAN" },
  { "country": "Cayman Islands (the)", "2code": "KY", "3code": "CYM" },
  { "country": "Central African Republic (the)", "2code": "CF", "3code": "CAF" },
  { "country": "Chad", "2code": "TD", "3code": "TCD" },
  { "country": "Chile", "2code": "CL", "3code": "CHL" },
  { "country": "China", "2code": "CN", "3code": "CHN" },
  { "country": "Christmas Island", "2code": "CX", "3code": "CXR" },
  { "country": "Cocos (Keeling) Islands (the)", "2code": "CC", "3code": "CCK" },
  { "country": "Colombia", "2code": "CO", "3code": "COL" },
  { "country": "Comoros (the)", "2code": "KM", "3code": "COM" },
  { "country": "Congo (the Democratic Republic of the)", "2code": "CD", "3code": "COD" },
  { "country": "Congo (the)", "2code": "CG", "3code": "COG" },
  { "country": "Cook Islands (the)", "2code": "CK", "3code": "COK" },
  { "country": "Costa Rica", "2code": "CR", "3code": "CRI" },
  { "country": "C\u00f4te d'Ivoire", "2code": "CI", "3code": "CIV" },
  { "country": "Croatia", "2code": "HR", "3code": "HRV" },
  { "country": "Cuba", "2code": "CU", "3code": "CUB" },
  { "country": "Cura\u00e7ao", "2code": "CW", "3code": "CUW" },
  { "country": "Cyprus", "2code": "CY", "3code": "CYP" },
  { "country": "Czechia", "2code": "CZ", "3code": "CZE" },
  { "country": "Denmark", "2code": "DK", "3code": "DNK", "3code2": "DEN" },
  { "country": "Djibouti", "2code": "DJ", "3code": "DJI" },
  { "country": "Dominica", "2code": "DM", "3code": "DMA" },
  { "country": "Dominican Republic (the)", "2code": "DO", "3code": "DOM" },
  { "country": "Ecuador", "2code": "EC", "3code": "ECU" },
  { "country": "Egypt", "2code": "EG", "3code": "EGY" },
  { "country": "El Salvador", "2code": "SV", "3code": "SLV" },
  { "country": "Equatorial Guinea", "2code": "GQ", "3code": "GNQ" },
  { "country": "Eritrea", "2code": "ER", "3code": "ERI" },
  { "country": "Estonia", "2code": "EE", "3code": "EST" },
  { "country": "Eswatini", "2code": "SZ", "3code": "SWZ" },
  { "country": "Ethiopia", "2code": "ET", "3code": "ETH" },
  { "country": "Falkland Islands (the) [Malvinas]", "2code": "FK", "3code": "FLK" },
  { "country": "Faroe Islands (the)", "2code": "FO", "3code": "FRO" },
  { "country": "Fiji", "2code": "FJ", "3code": "FJI" },
  { "country": "Finland", "2code": "FI", "3code": "FIN" },
  { "country": "France", "2code": "FR", "3code": "FRA" },
  { "country": "French Guiana", "2code": "GF", "3code": "GUF" },
  { "country": "French Polynesia", "2code": "PF", "3code": "PYF" },
  { "country": "French Southern Territories (the)", "2code": "TF", "3code": "ATF" },
  { "country": "Gabon", "2code": "GA", "3code": "GAB" },
  { "country": "Gambia (the)", "2code": "GM", "3code": "GMB" },
  { "country": "Georgia", "2code": "GE", "3code": "GEO" },
  { "country": "Germany", "2code": "DE", "3code": "DEU", "3code2": "GER" },
  { "country": "Ghana", "2code": "GH", "3code": "GHA" },
  { "country": "Gibraltar", "2code": "GI", "3code": "GIB" },
  { "country": "Greece", "2code": "GR", "3code": "GRC", "3code2": "GRE" },
  { "country": "Greenland", "2code": "GL", "3code": "GRL" },
  { "country": "Grenada", "2code": "GD", "3code": "GRD" },
  { "country": "Guadeloupe", "2code": "GP", "3code": "GLP" },
  { "country": "Guam", "2code": "GU", "3code": "GUM" },
  { "country": "Guatemala", "2code": "GT", "3code": "GTM" },
  { "country": "Guernsey", "2code": "GG", "3code": "GGY" },
  { "country": "Guinea", "2code": "GN", "3code": "GIN" },
  { "country": "Guinea-Bissau", "2code": "GW", "3code": "GNB" },
  { "country": "Guyana", "2code": "GY", "3code": "GUY" },
  { "country": "Haiti", "2code": "HT", "3code": "HTI" },
  { "country": "Heard Island and McDonald Islands", "2code": "HM", "3code": "HMD" },
  { "country": "Holy See (the)", "2code": "VA", "3code": "VAT" },
  { "country": "Honduras", "2code": "HN", "3code": "HND" },
  { "country": "Hong Kong", "2code": "HK", "3code": "HKG" },
  { "country": "Hungary", "2code": "HU", "3code": "HUN" },
  { "country": "Iceland", "2code": "IS", "3code": "ISL" },
  { "country": "India", "2code": "IN", "3code": "IND" },
  { "country": "Indonesia", "2code": "ID", "3code": "IDN" },
  { "country": "Iran (Islamic Republic of)", "2code": "IR", "3code": "IRN" },
  { "country": "Iraq", "2code": "IQ", "3code": "IRQ" },
  { "country": "Ireland", "2code": "IE", "3code": "IRL" },
  { "country": "Isle of Man", "2code": "IM", "3code": "IMN" },
  { "country": "Israel", "2code": "IL", "3code": "ISR" },
  { "country": "Italy", "2code": "IT", "3code": "ITA" },
  { "country": "Jamaica", "2code": "JM", "3code": "JAM" },
  { "country": "Japan", "2code": "JP", "3code": "JPN" },
  { "country": "Jersey", "2code": "JE", "3code": "JEY" },
  { "country": "Jordan", "2code": "JO", "3code": "JOR" },
  { "country": "Kazakhstan", "2code": "KZ", "3code": "KAZ" },
  { "country": "Kenya", "2code": "KE", "3code": "KEN" },
  { "country": "Kiribati", "2code": "KI", "3code": "KIR" },
  { "country": "Korea (the Democratic People's Republic of)", "2code": "KP", "3code": "PRK" },
  { "country": "Korea (the Republic of)", "2code": "KR", "3code": "KOR" },
  { "country": "Kuwait", "2code": "KW", "3code": "KWT" },
  { "country": "Kyrgyzstan", "2code": "KG", "3code": "KGZ" },
  { "country": "Lao People's Democratic Republic (the)", "2code": "LA", "3code": "LAO" },
  { "country": "Latvia", "2code": "LV", "3code": "LVA" },
  { "country": "Lebanon", "2code": "LB", "3code": "LBN" },
  { "country": "Lesotho", "2code": "LS", "3code": "LSO" },
  { "country": "Liberia", "2code": "LR", "3code": "LBR" },
  { "country": "Libya", "2code": "LY", "3code": "LBY" },
  { "country": "Liechtenstein", "2code": "LI", "3code": "LIE" },
  { "country": "Lithuania", "2code": "LT", "3code": "LTU" },
  { "country": "Luxembourg", "2code": "LU", "3code": "LUX" },
  { "country": "Macao", "2code": "MO", "3code": "MAC" },
  { "country": "Republic of North Macedonia", "2code": "MK", "3code": "MKD" },
  { "country": "Madagascar", "2code": "MG", "3code": "MDG" },
  { "country": "Malawi", "2code": "MW", "3code": "MWI" },
  { "country": "Malaysia", "2code": "MY", "3code": "MYS" },
  { "country": "Maldives", "2code": "MV", "3code": "MDV" },
  { "country": "Mali", "2code": "ML", "3code": "MLI" },
  { "country": "Malta", "2code": "MT", "3code": "MLT" },
  { "country": "Marshall Islands (the)", "2code": "MH", "3code": "MHL" },
  { "country": "Martinique", "2code": "MQ", "3code": "MTQ" },
  { "country": "Mauritania", "2code": "MR", "3code": "MRT" },
  { "country": "Mauritius", "2code": "MU", "3code": "MUS" },
  { "country": "Mayotte", "2code": "YT", "3code": "MYT" },
  { "country": "Mexico", "2code": "MX", "3code": "MEX" },
  { "country": "Micronesia (Federated States of)", "2code": "FM", "3code": "FSM" },
  { "country": "Moldova (the Republic of)", "2code": "MD", "3code": "MDA" },
  { "country": "Monaco", "2code": "MC", "3code": "MCO" },
  { "country": "Mongolia", "2code": "MN", "3code": "MNG" },
  { "country": "Montenegro", "2code": "ME", "3code": "MNE" },
  { "country": "Montserrat", "2code": "MS", "3code": "MSR" },
  { "country": "Morocco", "2code": "MA", "3code": "MAR" },
  { "country": "Mozambique", "2code": "MZ", "3code": "MOZ" },
  { "country": "Myanmar", "2code": "MM", "3code": "MMR" },
  { "country": "Namibia", "2code": null, "3code": "NAM" },
  { "country": "Nauru", "2code": "NR", "3code": "NRU" },
  { "country": "Nepal", "2code": "NP", "3code": "NPL" },
  { "country": "Netherlands (the)", "2code": "NL", "3code": "NLD", "3code2": "NED" },
  { "country": "New Caledonia", "2code": "NC", "3code": "NCL" },
  { "country": "New Zealand", "2code": "NZ", "3code": "NZL" },
  { "country": "Nicaragua", "2code": "NI", "3code": "NIC" },
  { "country": "Niger (the)", "2code": "NE", "3code": "NER" },
  { "country": "Nigeria", "2code": "NG", "3code": "NGA" },
  { "country": "Niue", "2code": "NU", "3code": "NIU" },
  { "country": "Norfolk Island", "2code": "NF", "3code": "NFK" },
  { "country": "Northern Mariana Islands (the)", "2code": "MP", "3code": "MNP" },
  { "country": "Norway", "2code": "NO", "3code": "NOR" },
  { "country": "Oman", "2code": "OM", "3code": "OMN" },
  { "country": "Pakistan", "2code": "PK", "3code": "PAK" },
  { "country": "Palau", "2code": "PW", "3code": "PLW" },
  { "country": "Palestine, State of", "2code": "PS", "3code": "PSE" },
  { "country": "Panama", "2code": "PA", "3code": "PAN" },
  { "country": "Papua New Guinea", "2code": "PG", "3code": "PNG" },
  { "country": "Paraguay", "2code": "PY", "3code": "PRY" },
  { "country": "Peru", "2code": "PE", "3code": "PER" },
  { "country": "Philippines (the)", "2code": "PH", "3code": "PHL" },
  { "country": "Pitcairn", "2code": "PN", "3code": "PCN" },
  { "country": "Poland", "2code": "PL", "3code": "POL" },
  { "country": "Portugal", "2code": "PT", "3code": "PRT" },
  { "country": "Puerto Rico", "2code": "PR", "3code": "PRI" },
  { "country": "Qatar", "2code": "QA", "3code": "QAT" },
  { "country": "R\u00e9union", "2code": "RE", "3code": "REU" },
  { "country": "Romania", "2code": "RO", "3code": "ROU" },
  { "country": "Russian Federation (the)", "2code": "RU", "3code": "RUS" },
  { "country": "Rwanda", "2code": "RW", "3code": "RWA" },
  { "country": "Saint Barth\u00e9lemy", "2code": "BL", "3code": "BLM" },
  { "country": "Saint Helena, Ascension and Tristan da Cunha", "2code": "SH", "3code": "SHN" },
  { "country": "Saint Kitts and Nevis", "2code": "KN", "3code": "KNA" },
  { "country": "Saint Lucia", "2code": "LC", "3code": "LCA" },
  { "country": "Saint Martin (French part)", "2code": "MF", "3code": "MAF" },
  { "country": "Saint Pierre and Miquelon", "2code": "PM", "3code": "SPM" },
  { "country": "Saint Vincent and the Grenadines", "2code": "VC", "3code": "VCT" },
  { "country": "Samoa", "2code": "WS", "3code": "WSM" },
  { "country": "San Marino", "2code": "SM", "3code": "SMR" },
  { "country": "Sao Tome and Principe", "2code": "ST", "3code": "STP" },
  { "country": "Saudi Arabia", "2code": "SA", "3code": "SAU" },
  { "country": "Senegal", "2code": "SN", "3code": "SEN" },
  { "country": "Serbia", "2code": "RS", "3code": "SRB" },
  { "country": "Seychelles", "2code": "SC", "3code": "SYC" },
  { "country": "Sierra Leone", "2code": "SL", "3code": "SLE" },
  { "country": "Singapore", "2code": "SG", "3code": "SGP" },
  { "country": "Sint Maarten (Dutch part)", "2code": "SX", "3code": "SXM" },
  { "country": "Slovakia", "2code": "SK", "3code": "SVK" },
  { "country": "Slovenia", "2code": "SI", "3code": "SVN" },
  { "country": "Solomon Islands", "2code": "SB", "3code": "SLB" },
  { "country": "Somalia", "2code": "SO", "3code": "SOM" },
  { "country": "South Africa", "2code": "ZA", "3code": "ZAF", "3code2": "RSA" },
  { "country": "South Georgia and the South Sandwich Islands", "2code": "GS", "3code": "SGS" },
  { "country": "South Sudan", "2code": "SS", "3code": "SSD" },
  { "country": "Spain", "2code": "ES", "3code": "ESP" },
  { "country": "Sri Lanka", "2code": "LK", "3code": "LKA" },
  { "country": "Sudan (the)", "2code": "SD", "3code": "SDN" },
  { "country": "Suriname", "2code": "SR", "3code": "SUR" },
  { "country": "Svalbard and Jan Mayen", "2code": "SJ", "3code": "SJM" },
  { "country": "Sweden", "2code": "SE", "3code": "SWE" },
  { "country": "Switzerland", "2code": "CH", "3code": "CHE", "3code2": "SUI" },
  { "country": "Syrian Arab Republic", "2code": "SY", "3code": "SYR" },
  { "country": "Taiwan (Province of China)", "2code": "TW", "3code": "TWN" },
  { "country": "Tajikistan", "2code": "TJ", "3code": "TJK" },
  { "country": "Tanzania, United Republic of", "2code": "TZ", "3code": "TZA" },
  { "country": "Thailand", "2code": "TH", "3code": "THA" },
  { "country": "Timor-Leste", "2code": "TL", "3code": "TLS" },
  { "country": "Togo", "2code": "TG", "3code": "TGO" },
  { "country": "Tokelau", "2code": "TK", "3code": "TKL" },
  { "country": "Tonga", "2code": "TO", "3code": "TON" },
  { "country": "Trinidad and Tobago", "2code": "TT", "3code": "TTO" },
  { "country": "Tunisia", "2code": "TN", "3code": "TUN" },
  { "country": "Turkey", "2code": "TR", "3code": "TUR" },
  { "country": "Turkmenistan", "2code": "TM", "3code": "TKM" },
  { "country": "Turks and Caicos Islands (the)", "2code": "TC", "3code": "TCA" },
  { "country": "Tuvalu", "2code": "TV", "3code": "TUV" },
  { "country": "Uganda", "2code": "UG", "3code": "UGA" },
  { "country": "Ukraine", "2code": "UA", "3code": "UKR" },
  { "country": "United Arab Emirates (the)", "2code": "AE", "3code": "ARE" },
  {
    "country": "United Kingdom of Great Britain and Northern Ireland (the)",
    "2code": "GB",
    "3code": "GBR"
  },
  { "country": "United States Minor Outlying Islands (the)", "2code": "UM", "3code": "UMI" },
  { "country": "United States of America (the)", "2code": "US", "3code": "USA" },
  { "country": "Uruguay", "2code": "UY", "3code": "URY" },
  { "country": "Uzbekistan", "2code": "UZ", "3code": "UZB" },
  { "country": "Vanuatu", "2code": "VU", "3code": "VUT" },
  { "country": "Venezuela (Bolivarian Republic of)", "2code": "VE", "3code": "VEN" },
  { "country": "Viet Nam", "2code": "VN", "3code": "VNM" },
  { "country": "Virgin Islands (British)", "2code": "VG", "3code": "VGB" },
  { "country": "Virgin Islands (U.S.)", "2code": "VI", "3code": "VIR" },
  { "country": "Wallis and Futuna", "2code": "WF", "3code": "WLF" },
  { "country": "Western Sahara", "2code": "EH", "3code": "ESH" },
  { "country": "Yemen", "2code": "YE", "3code": "YEM" },
  { "country": "Zambia", "2code": "ZM", "3code": "ZMB" },
  { "country": "Zimbabwe", "2code": "ZW", "3code": "ZWE", "3code2": "RHO" }
]
