[
  {
    "name": "Albania",
    "population": 2877800.0,
    "continent": "Europe",
    "countryCode": "AL",
    "humanDevelopmentIndex": 0.795,
    "gdpPerCapita": 11803.431
  },
  {
    "name": "Andorra",
    "population": 77265.0,
    "continent": "Europe",
    "countryCode": "AD",
    "humanDevelopmentIndex": 0.868,
    "gdpPerCapita": null
  },
  {
    "name": "Argentina",
    "population": 45195777.0,
    "continent": "South America",
    "countryCode": "AR",
    "humanDevelopmentIndex": 0.845,
    "gdpPerCapita": 18933.907
  },
  {
    "name": "Austria",
    "population": 9006400.0,
    "continent": "Europe",
    "countryCode": "AT",
    "humanDevelopmentIndex": 0.922,
    "gdpPerCapita": 45436.685999999994
  },
  {
    "name": "Azerbaijan",
    "population": 10139175.0,
    "continent": "Asia",
    "countryCode": "AZ",
    "humanDevelopmentIndex": 0.7559999999999999,
    "gdpPerCapita": 15847.419
  },
  {
    "name": "Bahrain",
    "population": 1701583.0,
    "continent": "Asia",
    "countryCode": "BH",
    "humanDevelopmentIndex": 0.852,
    "gdpPerCapita": 43290.705
  },
  {
    "name": "Bangladesh",
    "population": 164689383.0,
    "continent": "Asia",
    "countryCode": "BD",
    "humanDevelopmentIndex": 0.632,
    "gdpPerCapita": 3523.9840000000004
  },
  {
    "name": "Belarus",
    "population": 9449321.0,
    "continent": "Europe",
    "countryCode": "BY",
    "humanDevelopmentIndex": 0.823,
    "gdpPerCapita": 17167.967
  },
  {
    "name": "Belgium",
    "population": 11589616.0,
    "continent": "Europe",
    "countryCode": "BE",
    "humanDevelopmentIndex": 0.9309999999999999,
    "gdpPerCapita": 42658.575999999994
  },
  {
    "name": "Bermuda",
    "population": 62273.0,
    "continent": "North America",
    "countryCode": "BM",
    "humanDevelopmentIndex": null,
    "gdpPerCapita": 50669.315
  },
  {
    "name": "Bolivia",
    "population": 11673029.0,
    "continent": "South America",
    "countryCode": "BO",
    "humanDevelopmentIndex": 0.718,
    "gdpPerCapita": 6885.829000000001
  },
  {
    "name": "Brazil",
    "population": 212559409.0,
    "continent": "South America",
    "countryCode": "BR",
    "humanDevelopmentIndex": 0.765,
    "gdpPerCapita": 14103.452
  },
  {
    "name": "Bulgaria",
    "population": 6948445.0,
    "continent": "Europe",
    "countryCode": "BG",
    "humanDevelopmentIndex": 0.816,
    "gdpPerCapita": 18563.307
  },
  {
    "name": "Cambodia",
    "population": 16718971.0,
    "continent": "Asia",
    "countryCode": "KH",
    "humanDevelopmentIndex": 0.594,
    "gdpPerCapita": 3645.07
  },
  {
    "name": "Canada",
    "population": 37742157.0,
    "continent": "North America",
    "countryCode": "CA",
    "humanDevelopmentIndex": 0.929,
    "gdpPerCapita": 44017.59099999999
  },
  {
    "name": "Cayman Islands",
    "population": 65720.0,
    "continent": "North America",
    "countryCode": "KY",
    "humanDevelopmentIndex": null,
    "gdpPerCapita": 49903.029
  },
  {
    "name": "Chile",
    "population": 19116209.0,
    "continent": "South America",
    "countryCode": "CL",
    "humanDevelopmentIndex": 0.851,
    "gdpPerCapita": 22767.037
  },
  {
    "name": "Colombia",
    "population": 50882884.0,
    "continent": "South America",
    "countryCode": "CO",
    "humanDevelopmentIndex": 0.767,
    "gdpPerCapita": 13254.948999999999
  },
  {
    "name": "Costa Rica",
    "population": 5094114.0,
    "continent": "North America",
    "countryCode": "CR",
    "humanDevelopmentIndex": 0.81,
    "gdpPerCapita": 15524.995
  },
  {
    "name": "Croatia",
    "population": 4105268.0,
    "continent": "Europe",
    "countryCode": "HR",
    "humanDevelopmentIndex": 0.851,
    "gdpPerCapita": 22669.797000000002
  },
  {
    "name": "Cyprus",
    "population": 875899.0,
    "continent": "Europe",
    "countryCode": "CY",
    "humanDevelopmentIndex": 0.887,
    "gdpPerCapita": 32415.132
  },
  {
    "name": "Czechia",
    "population": 10708982.0,
    "continent": "Europe",
    "countryCode": "not-available",
    "humanDevelopmentIndex": 0.9,
    "gdpPerCapita": 32605.906000000003
  },
  {
    "name": "Denmark",
    "population": 5792203.0,
    "continent": "Europe",
    "countryCode": "DK",
    "humanDevelopmentIndex": 0.94,
    "gdpPerCapita": 46682.515
  },
  {
    "name": "Dominica",
    "population": 71991.0,
    "continent": "North America",
    "countryCode": "DM",
    "humanDevelopmentIndex": 0.742,
    "gdpPerCapita": 9673.367
  },
  {
    "name": "Dominican Republic",
    "population": 10847904.0,
    "continent": "North America",
    "countryCode": "DO",
    "humanDevelopmentIndex": 0.7559999999999999,
    "gdpPerCapita": 14600.861
  },
  {
    "name": "Ecuador",
    "population": 17643060.0,
    "continent": "South America",
    "countryCode": "EC",
    "humanDevelopmentIndex": 0.759,
    "gdpPerCapita": 10581.936000000002
  },
  {
    "name": "Equatorial Guinea",
    "population": 1402985.0,
    "continent": "Africa",
    "countryCode": "GQ",
    "humanDevelopmentIndex": 0.5920000000000001,
    "gdpPerCapita": 22604.873
  },
  {
    "name": "Estonia",
    "population": 1326539.0,
    "continent": "Europe",
    "countryCode": "EE",
    "humanDevelopmentIndex": 0.892,
    "gdpPerCapita": 29481.252
  },
  {
    "name": "European Union",
    "population": 444919060.0,
    "continent": null,
    "countryCode": "EU",
    "humanDevelopmentIndex": null,
    "gdpPerCapita": null
  },
  {
    "name": "Faeroe Islands",
    "population": 48865.0,
    "continent": "Europe",
    "countryCode": "FO",
    "humanDevelopmentIndex": null,
    "gdpPerCapita": null
  },
  {
    "name": "Falkland Islands",
    "population": 3483.0,
    "continent": "South America",
    "countryCode": "FK",
    "humanDevelopmentIndex": null,
    "gdpPerCapita": null
  },
  {
    "name": "Finland",
    "population": 5540718.0,
    "continent": "Europe",
    "countryCode": "FI",
    "humanDevelopmentIndex": 0.938,
    "gdpPerCapita": 40585.721
  },
  {
    "name": "France",
    "population": 68147687.0,
    "continent": "Europe",
    "countryCode": "FR",
    "humanDevelopmentIndex": 0.9009999999999999,
    "gdpPerCapita": 38605.671
  },
  {
    "name": "Germany",
    "population": 83783945.0,
    "continent": "Europe",
    "countryCode": "DE",
    "humanDevelopmentIndex": 0.9470000000000001,
    "gdpPerCapita": 45229.245
  },
  {
    "name": "Gibraltar",
    "population": 33691.0,
    "continent": "Europe",
    "countryCode": "GI",
    "humanDevelopmentIndex": null,
    "gdpPerCapita": null
  },
  {
    "name": "Greece",
    "population": 10423056.0,
    "continent": "Europe",
    "countryCode": "GR",
    "humanDevelopmentIndex": 0.888,
    "gdpPerCapita": 24574.382
  },
  {
    "name": "Greenland",
    "population": 56772.0,
    "continent": "North America",
    "countryCode": "GL",
    "humanDevelopmentIndex": null,
    "gdpPerCapita": null
  },
  {
    "name": "Guatemala",
    "population": 17915567.0,
    "continent": "North America",
    "countryCode": "GT",
    "humanDevelopmentIndex": 0.6629999999999999,
    "gdpPerCapita": 7423.808000000001
  },
  {
    "name": "Guernsey",
    "population": 67052.0,
    "continent": "Europe",
    "countryCode": "GG",
    "humanDevelopmentIndex": null,
    "gdpPerCapita": null
  },
  {
    "name": "Honduras",
    "population": 9904608.0,
    "continent": "North America",
    "countryCode": "HN",
    "humanDevelopmentIndex": 0.634,
    "gdpPerCapita": 4541.795
  },
  {
    "name": "Hong Kong",
    "population": 7496988.0,
    "continent": "Asia",
    "countryCode": "HK",
    "humanDevelopmentIndex": 0.9490000000000001,
    "gdpPerCapita": 56054.92
  },
  {
    "name": "Hungary",
    "population": 9660350.0,
    "continent": "Europe",
    "countryCode": "HU",
    "humanDevelopmentIndex": 0.8540000000000001,
    "gdpPerCapita": 26777.561
  },
  {
    "name": "Iceland",
    "population": 341250.0,
    "continent": "Europe",
    "countryCode": "IS",
    "humanDevelopmentIndex": 0.9490000000000001,
    "gdpPerCapita": 46482.958
  },
  {
    "name": "India",
    "population": 1380004385.0,
    "continent": "Asia",
    "countryCode": "IN",
    "humanDevelopmentIndex": 0.645,
    "gdpPerCapita": 6426.674
  },
  {
    "name": "Indonesia",
    "population": 273523621.0,
    "continent": "Asia",
    "countryCode": "ID",
    "humanDevelopmentIndex": 0.718,
    "gdpPerCapita": 11188.743999999999
  },
  {
    "name": "Ireland",
    "population": 4937796.0,
    "continent": "Europe",
    "countryCode": "IE",
    "humanDevelopmentIndex": 0.955,
    "gdpPerCapita": 67335.293
  },
  {
    "name": "Isle of Man",
    "population": 85032.0,
    "continent": "Europe",
    "countryCode": "IM",
    "humanDevelopmentIndex": null,
    "gdpPerCapita": null
  },
  {
    "name": "Israel",
    "population": 8655541.0,
    "continent": "Asia",
    "countryCode": "IL",
    "humanDevelopmentIndex": 0.919,
    "gdpPerCapita": 33132.32
  },
  {
    "name": "Italy",
    "population": 60461828.0,
    "continent": "Europe",
    "countryCode": "IT",
    "humanDevelopmentIndex": 0.892,
    "gdpPerCapita": 35220.084
  },
  {
    "name": "Japan",
    "population": 126476458.0,
    "continent": "Asia",
    "countryCode": "JP",
    "humanDevelopmentIndex": 0.919,
    "gdpPerCapita": 39002.223
  },
  {
    "name": "Jersey",
    "population": 101073.0,
    "continent": "Europe",
    "countryCode": "JE",
    "humanDevelopmentIndex": null,
    "gdpPerCapita": null
  },
  {
    "name": "Jordan",
    "population": 10203140.0,
    "continent": "Asia",
    "countryCode": "JO",
    "humanDevelopmentIndex": 0.7290000000000001,
    "gdpPerCapita": 8337.49
  },
  {
    "name": "Kazakhstan",
    "population": 18776707.0,
    "continent": "Asia",
    "countryCode": "KZ",
    "humanDevelopmentIndex": 0.825,
    "gdpPerCapita": 24055.588
  },
  {
    "name": "Kuwait",
    "population": 4270563.0,
    "continent": "Asia",
    "countryCode": "KW",
    "humanDevelopmentIndex": 0.8059999999999999,
    "gdpPerCapita": 65530.537000000004
  },
  {
    "name": "Latvia",
    "population": 1886202.0,
    "continent": "Europe",
    "countryCode": "LV",
    "humanDevelopmentIndex": 0.866,
    "gdpPerCapita": 25063.846
  },
  {
    "name": "Lebanon",
    "population": 6825442.0,
    "continent": "Asia",
    "countryCode": "LB",
    "humanDevelopmentIndex": 0.7440000000000001,
    "gdpPerCapita": 13367.565
  },
  {
    "name": "Lithuania",
    "population": 2722291.0,
    "continent": "Europe",
    "countryCode": "LT",
    "humanDevelopmentIndex": 0.882,
    "gdpPerCapita": 29524.265
  },
  {
    "name": "Luxembourg",
    "population": 625976.0,
    "continent": "Europe",
    "countryCode": "LU",
    "humanDevelopmentIndex": 0.9159999999999999,
    "gdpPerCapita": 94277.965
  },
  {
    "name": "Macao",
    "population": 649342.0,
    "continent": "Asia",
    "countryCode": "MAC",
    "humanDevelopmentIndex": null,
    "gdpPerCapita": 104861.851
  },
  {
    "name": "Malaysia",
    "population": 32365998.0,
    "continent": "Asia",
    "countryCode": "MY",
    "humanDevelopmentIndex": 0.81,
    "gdpPerCapita": 26808.164
  },
  {
    "name": "Maldives",
    "population": 540542.0,
    "continent": "Asia",
    "countryCode": "MV",
    "humanDevelopmentIndex": 0.74,
    "gdpPerCapita": 15183.616000000002
  },
  {
    "name": "Malta",
    "population": 441539.0,
    "continent": "Europe",
    "countryCode": "MT",
    "humanDevelopmentIndex": 0.895,
    "gdpPerCapita": 36513.323
  },
  {
    "name": "Mexico",
    "population": 128932753.0,
    "continent": "North America",
    "countryCode": "MX",
    "humanDevelopmentIndex": 0.779,
    "gdpPerCapita": 17336.468999999997
  },
  {
    "name": "Monaco",
    "population": 39244.0,
    "continent": "Europe",
    "countryCode": "MC",
    "humanDevelopmentIndex": null,
    "gdpPerCapita": null
  },
  {
    "name": "Montenegro",
    "population": 628062.0,
    "continent": "Europe",
    "countryCode": "ME",
    "humanDevelopmentIndex": 0.8290000000000001,
    "gdpPerCapita": 16409.288
  },
  {
    "name": "Montserrat",
    "population": 4999.0,
    "continent": "North America",
    "countryCode": "MS",
    "humanDevelopmentIndex": null,
    "gdpPerCapita": null
  },
  {
    "name": "Morocco",
    "population": 36910558.0,
    "continent": "Africa",
    "countryCode": "MA",
    "humanDevelopmentIndex": 0.6859999999999999,
    "gdpPerCapita": 7485.013000000001
  },
  {
    "name": "Myanmar",
    "population": 54409794.0,
    "continent": "Asia",
    "countryCode": "MM",
    "humanDevelopmentIndex": 0.583,
    "gdpPerCapita": 5591.597
  },
  {
    "name": "Netherlands",
    "population": 17134873.0,
    "continent": "Europe",
    "countryCode": "NL",
    "humanDevelopmentIndex": 0.9440000000000001,
    "gdpPerCapita": 48472.545
  },
  {
    "name": "New Zealand",
    "population": 4822233.0,
    "continent": "Oceania",
    "countryCode": "NZ",
    "humanDevelopmentIndex": 0.9309999999999999,
    "gdpPerCapita": 36085.843
  },
  {
    "name": "Norway",
    "population": 5421242.0,
    "continent": "Europe",
    "countryCode": "NO",
    "humanDevelopmentIndex": 0.9570000000000001,
    "gdpPerCapita": 64800.057
  },
  {
    "name": "Oman",
    "population": 5106622.0,
    "continent": "Asia",
    "countryCode": "OM",
    "humanDevelopmentIndex": 0.813,
    "gdpPerCapita": 37960.709
  },
  {
    "name": "Palestine",
    "population": 5101416.0,
    "continent": "Asia",
    "countryCode": "PS",
    "humanDevelopmentIndex": 0.708,
    "gdpPerCapita": 4449.898
  },
  {
    "name": "Panama",
    "population": 4314768.0,
    "continent": "North America",
    "countryCode": "PA",
    "humanDevelopmentIndex": 0.815,
    "gdpPerCapita": 22267.037
  },
  {
    "name": "Paraguay",
    "population": 7132530.0,
    "continent": "South America",
    "countryCode": "PY",
    "humanDevelopmentIndex": 0.728,
    "gdpPerCapita": 8827.01
  },
  {
    "name": "Peru",
    "population": 32971846.0,
    "continent": "South America",
    "countryCode": "PE",
    "humanDevelopmentIndex": 0.777,
    "gdpPerCapita": 12236.706
  },
  {
    "name": "Philippines",
    "population": 109581085.0,
    "continent": "Asia",
    "countryCode": "PH",
    "humanDevelopmentIndex": 0.718,
    "gdpPerCapita": 7599.188
  },
  {
    "name": "Poland",
    "population": 37846605.0,
    "continent": "Europe",
    "countryCode": "PL",
    "humanDevelopmentIndex": 0.88,
    "gdpPerCapita": 27216.445
  },
  {
    "name": "Portugal",
    "population": 10196707.0,
    "continent": "Europe",
    "countryCode": "PT",
    "humanDevelopmentIndex": 0.8640000000000001,
    "gdpPerCapita": 27936.896
  },
  {
    "name": "Romania",
    "population": 19237682.0,
    "continent": "Europe",
    "countryCode": "RO",
    "humanDevelopmentIndex": 0.828,
    "gdpPerCapita": 23313.199
  },
  {
    "name": "Russia",
    "population": 145934460.0,
    "continent": "Europe",
    "countryCode": "RU",
    "humanDevelopmentIndex": 0.8240000000000001,
    "gdpPerCapita": 24765.953999999998
  },
  {
    "name": "San Marino",
    "population": 33938.0,
    "continent": "Europe",
    "countryCode": "SM",
    "humanDevelopmentIndex": null,
    "gdpPerCapita": 56861.47
  },
  {
    "name": "Serbia",
    "population": 6804596.0,
    "continent": "Europe",
    "countryCode": "RS",
    "humanDevelopmentIndex": 0.8059999999999999,
    "gdpPerCapita": 14048.881000000001
  },
  {
    "name": "Seychelles",
    "population": 98340.0,
    "continent": "Africa",
    "countryCode": "SC",
    "humanDevelopmentIndex": 0.7959999999999999,
    "gdpPerCapita": 26382.287
  },
  {
    "name": "Sierra Leone",
    "population": 7976985.0,
    "continent": "Africa",
    "countryCode": "SL",
    "humanDevelopmentIndex": 0.452,
    "gdpPerCapita": 1390.3
  },
  {
    "name": "Singapore",
    "population": 5850343.0,
    "continent": "Asia",
    "countryCode": "SG",
    "humanDevelopmentIndex": 0.938,
    "gdpPerCapita": 85535.383
  },
  {
    "name": "Slovakia",
    "population": 5459643.0,
    "continent": "Europe",
    "countryCode": "SK",
    "humanDevelopmentIndex": 0.86,
    "gdpPerCapita": 30155.152000000002
  },
  {
    "name": "Slovenia",
    "population": 2078932.0,
    "continent": "Europe",
    "countryCode": "SI",
    "humanDevelopmentIndex": 0.917,
    "gdpPerCapita": 31400.84
  },
  {
    "name": "South Africa",
    "population": 59308690.0,
    "continent": "Africa",
    "countryCode": "ZA",
    "humanDevelopmentIndex": 0.7090000000000001,
    "gdpPerCapita": 12294.876
  },
  {
    "name": "South Korea",
    "population": 51269183.0,
    "continent": "Asia",
    "countryCode": "KR",
    "humanDevelopmentIndex": 0.9159999999999999,
    "gdpPerCapita": 35938.373999999996
  },
  {
    "name": "Spain",
    "population": 46754783.0,
    "continent": "Europe",
    "countryCode": "ES",
    "humanDevelopmentIndex": 0.904,
    "gdpPerCapita": 34272.36
  },
  {
    "name": "Sweden",
    "population": 10099270.0,
    "continent": "Europe",
    "countryCode": "SE",
    "humanDevelopmentIndex": 0.945,
    "gdpPerCapita": 46949.282999999996
  },
  {
    "name": "Switzerland",
    "population": 8654618.0,
    "continent": "Europe",
    "countryCode": "CH",
    "humanDevelopmentIndex": 0.955,
    "gdpPerCapita": 57410.166
  },
  {
    "name": "Thailand",
    "population": 69799978.0,
    "continent": "Asia",
    "countryCode": "TH",
    "humanDevelopmentIndex": 0.777,
    "gdpPerCapita": 16277.671
  },
  {
    "name": "Tunisia",
    "population": 11818618.0,
    "continent": "Africa",
    "countryCode": "TN",
    "humanDevelopmentIndex": 0.74,
    "gdpPerCapita": 10849.296999999999
  },
  {
    "name": "Turkey",
    "population": 84339067.0,
    "continent": "Asia",
    "countryCode": "TR",
    "humanDevelopmentIndex": 0.82,
    "gdpPerCapita": 25129.341
  },
  {
    "name": "Ukraine",
    "population": 43733759.0,
    "continent": "Europe",
    "countryCode": "UA",
    "humanDevelopmentIndex": 0.779,
    "gdpPerCapita": 7894.393
  },
  {
    "name": "United Arab Emirates",
    "population": 9890400.0,
    "continent": "Asia",
    "countryCode": "AE",
    "humanDevelopmentIndex": 0.89,
    "gdpPerCapita": 67293.483
  },
  {
    "name": "United Kingdom",
    "population": 67886004.0,
    "continent": "Europe",
    "countryCode": "GB",
    "humanDevelopmentIndex": 0.932,
    "gdpPerCapita": 39753.244
  },
  {
    "name": "United States",
    "population": 331002647.0,
    "continent": "North America",
    "countryCode": "US",
    "humanDevelopmentIndex": 0.9259999999999999,
    "gdpPerCapita": 54225.445999999996
  },
  {
    "name": "Uruguay",
    "population": 3473727.0,
    "continent": "South America",
    "countryCode": "UY",
    "humanDevelopmentIndex": 0.8170000000000001,
    "gdpPerCapita": 20551.409
  },
  {
    "name": "World",
    "population": 7794798729.0,
    "continent": null,
    "countryCode": "OWID_WRL",
    "humanDevelopmentIndex": 0.737,
    "gdpPerCapita": 15469.207
  },
  {
    "name": "Zimbabwe",
    "population": 14862927.0,
    "continent": "Africa",
    "countryCode": "ZW",
    "humanDevelopmentIndex": 0.5710000000000001,
    "gdpPerCapita": 1899.775
  }
]