{
	"1960": [
	{
		"country": "ITA",
		"gold": 29,
		"silver": 28,
		"bronce": 23,
		"total_medals": 80
	},
  {
		"country": "GBR",
		"gold": 20,
		"silver": 15,
		"bronce": 20,
		"total_medals": 55
	},
  {
		"country": "GER",
		"gold": 15,
		"silver": 6,
		"bronce": 9,
		"total_medals": 30
	},
  {
		"country": "AUT",
		"gold": 11,
		"silver": 8,
		"bronce": 11,
		"total_medals": 30
	},
  {
		"country": "USA",
		"gold": 11,
		"silver": 7,
		"bronce": 7,
		"total_medals": 25
	},
  {
		"country": "NOR",
		"gold": 9,
		"silver": 3,
		"bronce": 4,
		"total_medals": 16
	},
  {
		"country": "AUS",
		"gold": 3,
		"silver": 6,
		"bronce": 1,
		"total_medals": 10
	},
  {
		"country": "NED",
		"gold": 3,
		"silver": 6,
		"bronce": 0,
		"total_medals": 9
	},
  {
		"country": "FRA",
		"gold": 3,
		"silver": 3,
		"bronce": 1,
		"total_medals": 7
	},
  {
		"country": "ARG",
		"gold": 2,
		"silver": 3,
		"bronce": 1,
		"total_medals": 6
	},
  {
		"country": "RHO",
		"gold": 2,
		"silver": 1,
		"bronce": 2,
		"total_medals": 5
	},
  {
		"country": "IRL",
		"gold": 2,
		"silver": 0,
		"bronce": 0,
		"total_medals": 2
	},
  {
		"country": "SUI",
		"gold": 1,
		"silver": 3,
		"bronce": 0,
		"total_medals": 4
	},
  {
		"country": "BEL",
		"gold": 1,
		"silver": 1,
		"bronce": 1,
		"total_medals": 3
	},
  {
		"country": "FIN",
		"gold": 1,
		"silver": 0,
		"bronce": 0,
		"total_medals": 1
	},
  {
		"country": "ISR",
		"gold": 0,
		"silver": 2,
		"bronce": 2,
		"total_medals": 4
	},
  {
		"country": "MLT",
		"gold": 0,
		"silver": 2,
		"bronce": 2,
		"total_medals": 4
	}],
	"1964": [
	{
		"country": "ITA",
		"gold": 14,
		"silver": 15,
		"bronce": 16,
		"total_medals": 45
	},
  {
		"country": "GBR",
		"gold": 18,
		"silver": 23,
		"bronce": 20,
		"total_medals": 61
	},
  {
		"country": "GER",
		"gold": 5,
		"silver": 2,
		"bronce": 5,
		"total_medals": 12
	},
  {
		"country": "AUT",
		"gold": 4,
		"silver": 1,
		"bronce": 7,
		"total_medals": 12
	},
  {
		"country": "USA",
		"gold": 50,
		"silver": 41,
		"bronce": 32,
		"total_medals": 123
	},
  {
		"country": "AUS",
		"gold": 12,
		"silver": 11,
		"bronce": 7,
		"total_medals": 30
	},
  {
		"country": "NED",
		"gold": 4,
		"silver": 6,
		"bronce": 4,
		"total_medals": 14
	},
  {
		"country": "FRA",
		"gold": 4,
		"silver": 2,
		"bronce": 5,
		"total_medals": 11
	},
  {
		"country": "ARG",
		"gold": 6,
		"silver": 15,
		"bronce": 16,
		"total_medals": 37
	},
  {
		"country": "RHO",
		"gold": 10,
		"silver": 5,
		"bronce": 2,
		"total_medals": 17
	},
  {
		"country": "SUI",
		"gold": 0,
		"silver": 1,
		"bronce": 0,
		"total_medals": 1
	},
  {
		"country": "BEL",
		"gold": 1,
		"silver": 0,
		"bronce": 2,
		"total_medals": 3
	},
  {
		"country": "ISR",
		"gold": 7,
		"silver": 3,
		"bronce": 11,
		"total_medals": 21
	},
  {
		"country": "MLT",
		"gold": 0,
		"silver": 0,
		"bronce": 2,
		"total_medals": 2
	},
  {
		"country": "RSA",
		"gold": 8,
		"silver": 8,
		"bronce": 3,
		"total_medals": 19
	},
  {
		"country": "JPN",
		"gold": 1,
		"silver": 5,
		"bronce": 4,
		"total_medals": 10
	},
  {
		"country": "SWE",
		"gold": 0,
		"silver": 0,
		"bronce": 1,
		"total_medals": 1
	}],
	"1968": [
	{
		"country": "ITA",
		"gold": 12,
		"silver": 10,
		"bronce": 17,
		"total_medals": 39
	},
  {
		"country": "GBR",
		"gold": 29,
		"silver": 20,
		"bronce": 20,
		"total_medals": 69
	},
  {
		"country": "GER",
		"gold": 12,
		"silver": 12,
		"bronce": 11,
		"total_medals": 35
	},
  {
		"country": "AUT",
		"gold": 2,
		"silver": 7,
		"bronce": 10,
		"total_medals": 19
	},
  {
		"country": "USA",
		"gold": 33,
		"silver": 27,
		"bronce": 39,
		"total_medals": 99
	},
  {
		"country": "NOR",
		"gold": 5,
		"silver": 3,
		"bronce": 1,
		"total_medals": 9
	},
  {
		"country": "AUS",
		"gold": 15,
		"silver": 16,
		"bronce": 7,
		"total_medals": 38
	},
  {
		"country": "NED",
		"gold": 12,
		"silver": 4,
		"bronce": 4,
		"total_medals": 20
	},
  {
		"country": "FRA",
		"gold": 13,
		"silver": 10,
		"bronce": 9,
		"total_medals": 32
	},
  {
		"country": "ARG",
		"gold": 10,
		"silver": 10,
		"bronce": 10,
		"total_medals": 30
	},
  {
		"country": "RHO",
		"gold": 6,
		"silver": 7,
		"bronce": 7,
		"total_medals": 20
	},
  {
		"country": "IRL",
		"gold": 0,
		"silver": 4,
		"bronce": 5,
		"total_medals": 9
	},
  {
		"country": "SUI",
		"gold": 0,
		"silver": 2,
		"bronce": 6,
		"total_medals": 8
	},
  {
		"country": "BEL",
		"gold": 0,
		"silver": 3,
		"bronce": 3,
		"total_medals": 6
	},
  {
		"country": "ISR",
		"gold": 18,
		"silver": 21,
		"bronce": 23,
		"total_medals": 62
	},
  {
		"country": "RSA",
		"gold": 9,
		"silver": 10,
		"bronce": 7,
		"total_medals": 26
	},
  {
		"country": "JPN",
		"gold": 2,
		"silver": 2,
		"bronce": 8,
		"total_medals": 12
	},
  {
		"country": "SWE",
		"gold": 1,
		"silver": 6,
		"bronce": 4,
		"total_medals": 11
	},
  {
		"country": "CAN",
		"gold": 6,
		"silver": 6,
		"bronce": 7,
		"total_medals": 19
	},
  {
		"country": "JAM",
		"gold": 3,
		"silver": 1,
		"bronce": 1,
		"total_medals": 5
	},
  {
		"country": "NZL",
		"gold": 1,
		"silver": 2,
		"bronce": 1,
		"total_medals": 4
	},
  {
		"country": "ESP",
		"gold": 0,
		"silver": 3,
		"bronce": 1,
		"total_medals": 4
	}],
	"1972": [
	{
		"country": "ITA",
		"gold": 8,
		"silver": 4,
		"bronce": 5,
		"total_medals": 17
	},
  {
		"country": "GBR",
		"gold": 16,
		"silver": 15,
		"bronce": 21,
		"total_medals": 52
	},
  {
		"country": "GER",
		"gold": 28,
		"silver": 17,
		"bronce": 22,
		"total_medals": 67
	},
  {
		"country": "AUT",
		"gold": 6,
		"silver": 6,
		"bronce": 6,
		"total_medals": 18
	},
  {
		"country": "USA",
		"gold": 17,
		"silver": 27,
		"bronce": 30,
		"total_medals": 74
	},
  {
		"country": "NOR",
		"gold": 1,
		"silver": 5,
		"bronce": 5,
		"total_medals": 11
	},
  {
		"country": "AUS",
		"gold": 6,
		"silver": 9,
		"bronce": 10,
		"total_medals": 25
	},
  {
		"country": "NED",
		"gold": 14,
		"silver": 13,
		"bronce": 11,
		"total_medals": 38
	},
  {
		"country": "FRA",
		"gold": 10,
		"silver": 8,
		"bronce": 15,
		"total_medals": 33
	},
  {
		"country": "ARG",
		"gold": 2,
		"silver": 4,
		"bronce": 3,
		"total_medals": 9
	},
  {
		"country": "RHO",
		"gold": 3,
		"silver": 5,
		"bronce": 4,
		"total_medals": 12
	},
  {
		"country": "IRL",
		"gold": 2,
		"silver": 4,
		"bronce": 2,
		"total_medals": 8
	},
  {
		"country": "SUI",
		"gold": 3,
		"silver": 2,
		"bronce": 4,
		"total_medals": 9
	},
  {
		"country": "BEL",
		"gold": 1,
		"silver": 1,
		"bronce": 2,
		"total_medals": 4
	},
  {
		"country": "FIN",
		"gold": 0,
		"silver": 2,
		"bronce": 1,
		"total_medals": 3
	},
  {
		"country": "ISR",
		"gold": 9,
		"silver": 10,
		"bronce": 9,
		"total_medals": 28
	},
  {
		"country": "RSA",
		"gold": 16,
		"silver": 12,
		"bronce": 13,
		"total_medals": 41
	},
  {
		"country": "JPN",
		"gold": 4,
		"silver": 5,
		"bronce": 3,
		"total_medals": 12
	},
  {
		"country": "SWE",
		"gold": 5,
		"silver": 6,
		"bronce": 6,
		"total_medals": 17
	},
  {
		"country": "CAN",
		"gold": 5,
		"silver": 6,
		"bronce": 8,
		"total_medals": 19
	},
  {
		"country": "JAM",
		"gold": 8,
		"silver": 3,
		"bronce": 4,
		"total_medals": 15
	},
  {
		"country": "NZL",
		"gold": 3,
		"silver": 3,
		"bronce": 3,
		"total_medals": 9
	},
  {
		"country": "ESP",
		"gold": 0,
		"silver": 4,
		"bronce": 0,
		"total_medals": 4
	},
  {
		"country": "POL",
		"gold": 14,
		"silver": 12,
		"bronce": 7,
		"total_medals": 33
	},
  {
		"country": "KOR",
		"gold": 4,
		"silver": 2,
		"bronce": 1,
		"total_medals": 7
	},
  {
		"country": "YUG",
		"gold": 1,
		"silver": 1,
		"bronce": 2,
		"total_medals": 4
	},
  {
		"country": "IND",
		"gold": 1,
		"silver": 0,
		"bronce": 0,
		"total_medals": 1
	},
  {
		"country": "KEN",
		"gold": 1,
		"silver": 0,
		"bronce": 0,
		"total_medals": 1
	},
  {
		"country": "HKG",
		"gold": 0,
		"silver": 1,
		"bronce": 1,
		"total_medals": 2
	},
  {
		"country": "TCH",
		"gold": 0,
		"silver": 0,
		"bronce": 1,
		"total_medals": 1
	},
  {
		"country": "HUN",
		"gold": 0,
		"silver": 0,
		"bronce": 1,
		"total_medals": 1
	}],
	"1976": [
	{
		"country": "ITA",
		"gold": 2,
		"silver": 5,
		"bronce": 11,
		"total_medals": 18
	},
  {
		"country": "GBR",
		"gold": 29,
		"silver": 29,
		"bronce": 36,
		"total_medals": 94
	},
  {
		"country": "GER",
		"gold": 37,
		"silver": 35,
		"bronce": 26,
		"total_medals": 98
	},
  {
		"country": "AUT",
		"gold": 17,
		"silver": 16,
		"bronce": 17,
		"total_medals": 50
	},
  {
		"country": "USA",
		"gold": 66,
		"silver": 44,
		"bronce": 45,
		"total_medals": 155
	},
  {
		"country": "NOR",
		"gold": 9,
		"silver": 6,
		"bronce": 4,
		"total_medals": 19
	},
  {
		"country": "AUS",
		"gold": 16,
		"silver": 18,
		"bronce": 7,
		"total_medals": 41
	},
  {
		"country": "NED",
		"gold": 46,
		"silver": 25,
		"bronce": 14,
		"total_medals": 85
	},
  {
		"country": "FRA",
		"gold": 23,
		"silver": 21,
		"bronce": 14,
		"total_medals": 58
	},
  {
		"country": "ARG",
		"gold": 3,
		"silver": 4,
		"bronce": 7,
		"total_medals": 14
	},
  {
		"country": "IRL",
		"gold": 4,
		"silver": 10,
		"bronce": 6,
		"total_medals": 20
	},
  {
		"country": "SUI",
		"gold": 10,
		"silver": 12,
		"bronce": 10,
		"total_medals": 32
	},
  {
		"country": "BEL",
		"gold": 7,
		"silver": 7,
		"bronce": 8,
		"total_medals": 22
	},
  {
		"country": "FIN",
		"gold": 12,
		"silver": 20,
		"bronce": 19,
		"total_medals": 51
	},
  {
		"country": "ISR",
		"gold": 40,
		"silver": 13,
		"bronce": 16,
		"total_medals": 69
	},
  {
		"country": "RSA",
		"gold": 6,
		"silver": 9,
		"bronce": 11,
		"total_medals": 26
	},
  {
		"country": "JPN",
		"gold": 10,
		"silver": 6,
		"bronce": 3,
		"total_medals": 19
	},
  {
		"country": "SWE",
		"gold": 22,
		"silver": 27,
		"bronce": 24,
		"total_medals": 73
	},
  {
		"country": "CAN",
		"gold": 25,
		"silver": 26,
		"bronce": 26,
		"total_medals": 77
	},
  {
		"country": "NZL",
		"gold": 7,
		"silver": 1,
		"bronce": 5,
		"total_medals": 13
	},
  {
		"country": "ESP",
		"gold": 4,
		"silver": 6,
		"bronce": 2,
		"total_medals": 12
	},
  {
		"country": "POL",
		"gold": 24,
		"silver": 17,
		"bronce": 12,
		"total_medals": 53
	},
  {
		"country": "KOR",
		"gold": 1,
		"silver": 2,
		"bronce": 1,
		"total_medals": 4
	},
  {
		"country": "HKG",
		"gold": 0,
		"silver": 1,
		"bronce": 2,
		"total_medals": 3
	},
  {
		"country": "HUN",
		"gold": 1,
		"silver": 0,
		"bronce": 1,
		"total_medals": 2
	},
  {
		"country": "MEX",
		"gold": 16,
		"silver": 14,
		"bronce": 9,
		"total_medals": 39
	},
  {
		"country": "EGY",
		"gold": 5,
		"silver": 2,
		"bronce": 1,
		"total_medals": 8
	},
  {
		"country": "DEN",
		"gold": 3,
		"silver": 0,
		"bronce": 3,
		"total_medals": 6
	},
  {
		"country": "INA",
		"gold": 2,
		"silver": 1,
		"bronce": 3,
		"total_medals": 6
	},
  {
		"country": "BUR",
		"gold": 1,
		"silver": 1,
		"bronce": 1,
		"total_medals": 3
	},
  {
		"country": "PER",
		"gold": 1,
		"silver": 0,
		"bronce": 2,
		"total_medals": 3
	},
  {
		"country": "BRA",
		"gold": 0,
		"silver": 1,
		"bronce": 0,
		"total_medals": 1
	},
  {
		"country": "GUA",
		"gold": 0,
		"silver": 0,
		"bronce": 1,
		"total_medals": 1
	},
  {
		"country": "BAH",
		"gold": 0,
		"silver": 0,
		"bronce": 0,
		"total_medals": 0
	},
  {
		"country": "COL",
		"gold": 0,
		"silver": 0,
		"bronce": 0,
		"total_medals": 0
	},
  {
		"country": "ECU",
		"gold": 0,
		"silver": 0,
		"bronce": 0,
		"total_medals": 0
	},
  {
		"country": "ETH",
		"gold": 0,
		"silver": 0,
		"bronce": 0,
		"total_medals": 0
	},
  {
		"country": "FIJ",
		"gold": 0,
		"silver": 0,
		"bronce": 0,
		"total_medals": 0
	},
  {
		"country": "GRE",
		"gold": 0,
		"silver": 0,
		"bronce": 0,
		"total_medals": 0
	},
  {
		"country": "LUX",
		"gold": 0,
		"silver": 0,
		"bronce": 0,
		"total_medals": 0
	},
  {
		"country": "UGA",
		"gold": 0,
		"silver": 0,
		"bronce": 0,
		"total_medals": 0
	}],
	"1980": [
	{
		"country": "ITA",
		"gold": 6,
		"silver": 5,
		"bronce": 9,
		"total_medals": 20
	},
  {
		"country": "GBR",
		"gold": 47,
		"silver": 32,
		"bronce": 21,
		"total_medals": 100
	},
  {
		"country": "GER",
		"gold": 68,
		"silver": 48,
		"bronce": 46,
		"total_medals": 162
	},
  {
		"country": "AUT",
		"gold": 14,
		"silver": 23,
		"bronce": 8,
		"total_medals": 45
	},
  {
		"country": "USA",
		"gold": 75,
		"silver": 66,
		"bronce": 54,
		"total_medals": 195
	},
  {
		"country": "NOR",
		"gold": 15,
		"silver": 13,
		"bronce": 8,
		"total_medals": 36
	},
  {
		"country": "AUS",
		"gold": 12,
		"silver": 21,
		"bronce": 22,
		"total_medals": 55
	},
  {
		"country": "NED",
		"gold": 33,
		"silver": 31,
		"bronce": 36,
		"total_medals": 100
	},
  {
		"country": "FRA",
		"gold": 28,
		"silver": 26,
		"bronce": 31,
		"total_medals": 85
	},
  {
		"country": "ARG",
		"gold": 4,
		"silver": 5,
		"bronce": 6,
		"total_medals": 15
	},
  {
		"country": "IRL",
		"gold": 4,
		"silver": 2,
		"bronce": 11,
		"total_medals": 17
	},
  {
		"country": "SUI",
		"gold": 9,
		"silver": 10,
		"bronce": 10,
		"total_medals": 29
	},
  {
		"country": "BEL",
		"gold": 13,
		"silver": 12,
		"bronce": 17,
		"total_medals": 42
	},
  {
		"country": "FIN",
		"gold": 8,
		"silver": 19,
		"bronce": 13,
		"total_medals": 40
	},
  {
		"country": "ISR",
		"gold": 13,
		"silver": 18,
		"bronce": 15,
		"total_medals": 46
	},
  {
		"country": "MLT",
		"gold": 0,
		"silver": 0,
		"bronce": 1,
		"total_medals": 1
	},
  {
		"country": "JPN",
		"gold": 9,
		"silver": 10,
		"bronce": 7,
		"total_medals": 26
	},
  {
		"country": "SWE",
		"gold": 31,
		"silver": 36,
		"bronce": 24,
		"total_medals": 91
	},
  {
		"country": "CAN",
		"gold": 64,
		"silver": 35,
		"bronce": 31,
		"total_medals": 130
	},
  {
		"country": "JAM",
		"gold": 7,
		"silver": 7,
		"bronce": 5,
		"total_medals": 19
	},
  {
		"country": "NZL",
		"gold": 7,
		"silver": 6,
		"bronce": 6,
		"total_medals": 19
	},
  {
		"country": "ESP",
		"gold": 1,
		"silver": 13,
		"bronce": 9,
		"total_medals": 23
	},
  {
		"country": "POL",
		"gold": 75,
		"silver": 50,
		"bronce": 52,
		"total_medals": 177
	},
  {
		"country": "KOR",
		"gold": 2,
		"silver": 2,
		"bronce": 1,
		"total_medals": 5
	},
  {
		"country": "YUG",
		"gold": 4,
		"silver": 5,
		"bronce": 9,
		"total_medals": 18
	},
  {
		"country": "KEN",
		"gold": 1,
		"silver": 2,
		"bronce": 0,
		"total_medals": 3
	},
  {
		"country": "HKG",
		"gold": 0,
		"silver": 1,
		"bronce": 2,
		"total_medals": 3
	},
  {
		"country": "TCH",
		"gold": 0,
		"silver": 1,
		"bronce": 1,
		"total_medals": 2
	},
  {
		"country": "MEX",
		"gold": 20,
		"silver": 16,
		"bronce": 6,
		"total_medals": 42
	},
  {
		"country": "EGY",
		"gold": 4,
		"silver": 7,
		"bronce": 3,
		"total_medals": 14
	},
  {
		"country": "DEN",
		"gold": 6,
		"silver": 4,
		"bronce": 7,
		"total_medals": 17
	},
  {
		"country": "INA",
		"gold": 2,
		"silver": 0,
		"bronce": 4,
		"total_medals": 6
	},
  {
		"country": "BRA",
		"gold": 0,
		"silver": 0,
		"bronce": 0,
		"total_medals": 0
	},
  {
		"country": "BAH",
		"gold": 0,
		"silver": 1,
		"bronce": 2,
		"total_medals": 3
	},
  {
		"country": "COL",
		"gold": 1,
		"silver": 0,
		"bronce": 1,
		"total_medals": 2
	},
  {
		"country": "ETH",
		"gold": 0,
		"silver": 0,
		"bronce": 0,
		"total_medals": 0
	},
  {
		"country": "GRE",
		"gold": 0,
		"silver": 0,
		"bronce": 1,
		"total_medals": 1
	},
  {
		"country": "LUX",
		"gold": 0,
		"silver": 0,
		"bronce": 1,
		"total_medals": 1
	},
  {
		"country": "KUW",
		"gold": 2,
		"silver": 2,
		"bronce": 1,
		"total_medals": 5
	},
  {
		"country": "ISL",
		"gold": 1,
		"silver": 0,
		"bronce": 1,
		"total_medals": 2
	},
  {
		"country": "SUD",
		"gold": 1,
		"silver": 0,
		"bronce": 0,
		"total_medals": 1
	},
  {
		"country": "ZIM",
		"gold": 0,
		"silver": 8,
		"bronce": 4,
		"total_medals": 12
	}],
	"1984": [
	{
		"country": "ITA",
		"gold": 9,
		"silver": 19,
		"bronce": 14,
		"total_medals": 42
	},
  {
		"country": "GBR",
		"gold": 107,
		"silver": 112,
		"bronce": 112,
		"total_medals": 331
	},
  {
		"country": "GER",
		"gold": 79,
		"silver": 76,
		"bronce": 75,
		"total_medals": 230
	},
  {
		"country": "AUT",
		"gold": 14,
		"silver": 20,
		"bronce": 10,
		"total_medals": 44
	},
  {
		"country": "USA",
		"gold": 136,
		"silver": 131,
		"bronce": 129,
		"total_medals": 396
	},
  {
		"country": "NOR",
		"gold": 29,
		"silver": 31,
		"bronce": 30,
		"total_medals": 90
	},
  {
		"country": "AUS",
		"gold": 49,
		"silver": 54,
		"bronce": 51,
		"total_medals": 154
	},
  {
		"country": "NED",
		"gold": 55,
		"silver": 52,
		"bronce": 28,
		"total_medals": 135
	},
  {
		"country": "FRA",
		"gold": 71,
		"silver": 69,
		"bronce": 45,
		"total_medals": 185
	},
  {
		"country": "ARG",
		"gold": 0,
		"silver": 0,
		"bronce": 0,
		"total_medals": 0
	},
  {
		"country": "IRL",
		"gold": 20,
		"silver": 15,
		"bronce": 31,
		"total_medals": 66
	},
  {
		"country": "SUI",
		"gold": 18,
		"silver": 13,
		"bronce": 12,
		"total_medals": 43
	},
  {
		"country": "BEL",
		"gold": 22,
		"silver": 22,
		"bronce": 14,
		"total_medals": 58
	},
  {
		"country": "FIN",
		"gold": 18,
		"silver": 14,
		"bronce": 26,
		"total_medals": 58
	},
  {
		"country": "ISR",
		"gold": 11,
		"silver": 21,
		"bronce": 12,
		"total_medals": 44
	},
  {
		"country": "MLT",
		"gold": 0,
		"silver": 0,
		"bronce": 0,
		"total_medals": 0
	},
  {
		"country": "JPN",
		"gold": 9,
		"silver": 7,
		"bronce": 8,
		"total_medals": 24
	},
  {
		"country": "SWE",
		"gold": 83,
		"silver": 43,
		"bronce": 34,
		"total_medals": 160
	},
  {
		"country": "CAN",
		"gold": 87,
		"silver": 82,
		"bronce": 69,
		"total_medals": 238
	},
  {
		"country": "JAM",
		"gold": 0,
		"silver": 0,
		"bronce": 0,
		"total_medals": 0
	},
  {
		"country": "NZL",
		"gold": 8,
		"silver": 10,
		"bronce": 7,
		"total_medals": 25
	},
  {
		"country": "ESP",
		"gold": 22,
		"silver": 10,
		"bronce": 12,
		"total_medals": 44
	},
  {
		"country": "POL",
		"gold": 46,
		"silver": 39,
		"bronce": 21,
		"total_medals": 106
	},
  {
		"country": "KOR",
		"gold": 0,
		"silver": 2,
		"bronce": 2,
		"total_medals": 4
	},
  {
		"country": "YUG",
		"gold": 11,
		"silver": 9,
		"bronce": 11,
		"total_medals": 31
	},
  {
		"country": "IND",
		"gold": 0,
		"silver": 2,
		"bronce": 2,
		"total_medals": 4
	},
  {
		"country": "KEN",
		"gold": 1,
		"silver": 1,
		"bronce": 1,
		"total_medals": 3
	},
  {
		"country": "HKG",
		"gold": 3,
		"silver": 5,
		"bronce": 9,
		"total_medals": 17
	},
  {
		"country": "HUN",
		"gold": 12,
		"silver": 12,
		"bronce": 3,
		"total_medals": 27
	},
  {
		"country": "MEX",
		"gold": 6,
		"silver": 14,
		"bronce": 17,
		"total_medals": 37
	},
  {
		"country": "EGY",
		"gold": 1,
		"silver": 1,
		"bronce": 5,
		"total_medals": 7
	},
  {
		"country": "DEN",
		"gold": 30,
		"silver": 13,
		"bronce": 16,
		"total_medals": 59
	},
  {
		"country": "INA",
		"gold": 0,
		"silver": 1,
		"bronce": 1,
		"total_medals": 2
	},
  {
		"country": "BUR",
		"gold": 1,
		"silver": 2,
		"bronce": 1,
		"total_medals": 4
	},
  {
		"country": "BRA",
		"gold": 7,
		"silver": 17,
		"bronce": 4,
		"total_medals": 28
	},
  {
		"country": "GUA",
		"gold": 0,
		"silver": 0,
		"bronce": 0,
		"total_medals": 0
	},
  {
		"country": "BAH",
		"gold": 0,
		"silver": 1,
		"bronce": 1,
		"total_medals": 2
	},
  {
		"country": "ECU",
		"gold": 0,
		"silver": 0,
		"bronce": 0,
		"total_medals": 0
	},
  {
		"country": "GRE",
		"gold": 0,
		"silver": 0,
		"bronce": 0,
		"total_medals": 0
	},
  {
		"country": "LUX",
		"gold": 1,
		"silver": 4,
		"bronce": 1,
		"total_medals": 6
	},
  {
		"country": "KUW",
		"gold": 1,
		"silver": 3,
		"bronce": 4,
		"total_medals": 8
	},
  {
		"country": "ISL",
		"gold": 0,
		"silver": 2,
		"bronce": 8,
		"total_medals": 10
	},
  {
		"country": "ZIM",
		"gold": 0,
		"silver": 1,
		"bronce": 2,
		"total_medals": 3
	},
  {
		"country": "POR",
		"gold": 4,
		"silver": 3,
		"bronce": 7,
		"total_medals": 14
	},
  {
		"country": "CHN",
		"gold": 2,
		"silver": 12,
		"bronce": 8,
		"total_medals": 22
	},
  {
		"country": "TTO",
		"gold": 2,
		"silver": 0,
		"bronce": 1,
		"total_medals": 3
	},
  {
		"country": "GDR",
		"gold": 0,
		"silver": 3,
		"bronce": 1,
		"total_medals": 4
	},
  {
		"country": "JOR",
		"gold": 0,
		"silver": 1,
		"bronce": 2,
		"total_medals": 3
	},
  {
		"country": "BRN",
		"gold": 0,
		"silver": 0,
		"bronce": 2,
		"total_medals": 2
	},
  {
		"country": "FRO",
		"gold": 0,
		"silver": 0,
		"bronce": 0,
		"total_medals": 0
	},
  {
		"country": "PNG",
		"gold": 0,
		"silver": 0,
		"bronce": 0,
		"total_medals": 0
	},
  {
		"country": "THA",
		"gold": 0,
		"silver": 0,
		"bronce": 0,
		"total_medals": 0
	},
  {
		"country": "VEN",
		"gold": 0,
		"silver": 0,
		"bronce": 0,
		"total_medals": 0
	}],
	"1988": [
	{
		"country": "ITA",
		"gold": 16,
		"silver": 15,
		"bronce": 27,
		"total_medals": 58
	},
  {
		"country": "GBR",
		"gold": 64,
		"silver": 66,
		"bronce": 53,
		"total_medals": 183
	},
  {
		"country": "GER",
		"gold": 76,
		"silver": 66,
		"bronce": 51,
		"total_medals": 193
	},
  {
		"country": "AUT",
		"gold": 13,
		"silver": 7,
		"bronce": 15,
		"total_medals": 35
	},
  {
		"country": "USA",
		"gold": 92,
		"silver": 90,
		"bronce": 91,
		"total_medals": 273
	},
  {
		"country": "NOR",
		"gold": 11,
		"silver": 11,
		"bronce": 14,
		"total_medals": 36
	},
  {
		"country": "AUS",
		"gold": 23,
		"silver": 35,
		"bronce": 38,
		"total_medals": 96
	},
  {
		"country": "NED",
		"gold": 31,
		"silver": 25,
		"bronce": 30,
		"total_medals": 86
	},
  {
		"country": "FRA",
		"gold": 47,
		"silver": 44,
		"bronce": 49,
		"total_medals": 140
	},
  {
		"country": "ARG",
		"gold": 0,
		"silver": 7,
		"bronce": 2,
		"total_medals": 9
	},
  {
		"country": "IRL",
		"gold": 13,
		"silver": 11,
		"bronce": 18,
		"total_medals": 42
	},
  {
		"country": "SUI",
		"gold": 12,
		"silver": 12,
		"bronce": 11,
		"total_medals": 35
	},
  {
		"country": "BEL",
		"gold": 15,
		"silver": 18,
		"bronce": 8,
		"total_medals": 41
	},
  {
		"country": "FIN",
		"gold": 11,
		"silver": 23,
		"bronce": 16,
		"total_medals": 50
	},
  {
		"country": "ISR",
		"gold": 15,
		"silver": 13,
		"bronce": 17,
		"total_medals": 45
	},
  {
		"country": "JPN",
		"gold": 17,
		"silver": 12,
		"bronce": 17,
		"total_medals": 46
	},
  {
		"country": "SWE",
		"gold": 42,
		"silver": 38,
		"bronce": 23,
		"total_medals": 103
	},
  {
		"country": "CAN",
		"gold": 54,
		"silver": 42,
		"bronce": 55,
		"total_medals": 151
	},
  {
		"country": "JAM",
		"gold": 1,
		"silver": 4,
		"bronce": 3,
		"total_medals": 8
	},
  {
		"country": "NZL",
		"gold": 2,
		"silver": 4,
		"bronce": 11,
		"total_medals": 17
	},
  {
		"country": "ESP",
		"gold": 18,
		"silver": 13,
		"bronce": 11,
		"total_medals": 42
	},
  {
		"country": "POL",
		"gold": 25,
		"silver": 25,
		"bronce": 33,
		"total_medals": 83
	},
  {
		"country": "KOR",
		"gold": 40,
		"silver": 35,
		"bronce": 19,
		"total_medals": 94
	},
  {
		"country": "YUG",
		"gold": 3,
		"silver": 4,
		"bronce": 10,
		"total_medals": 17
	},
  {
		"country": "IND",
		"gold": 0,
		"silver": 0,
		"bronce": 0,
		"total_medals": 0
	},
  {
		"country": "KEN",
		"gold": 0,
		"silver": 4,
		"bronce": 1,
		"total_medals": 5
	},
  {
		"country": "HKG",
		"gold": 0,
		"silver": 2,
		"bronce": 7,
		"total_medals": 9
	},
  {
		"country": "TCH",
		"gold": 0,
		"silver": 1,
		"bronce": 0,
		"total_medals": 1
	},
  {
		"country": "HUN",
		"gold": 0,
		"silver": 4,
		"bronce": 8,
		"total_medals": 12
	},
  {
		"country": "MEX",
		"gold": 8,
		"silver": 9,
		"bronce": 6,
		"total_medals": 23
	},
  {
		"country": "EGY",
		"gold": 1,
		"silver": 2,
		"bronce": 5,
		"total_medals": 8
	},
  {
		"country": "DEN",
		"gold": 23,
		"silver": 19,
		"bronce": 22,
		"total_medals": 64
	},
  {
		"country": "INA",
		"gold": 0,
		"silver": 2,
		"bronce": 0,
		"total_medals": 2
	},
  {
		"country": "BRA",
		"gold": 4,
		"silver": 9,
		"bronce": 14,
		"total_medals": 27
	},
  {
		"country": "GUA",
		"gold": 1,
		"silver": 0,
		"bronce": 0,
		"total_medals": 1
	},
  {
		"country": "BAH",
		"gold": 0,
		"silver": 0,
		"bronce": 0,
		"total_medals": 0
	},
  {
		"country": "GRE",
		"gold": 0,
		"silver": 1,
		"bronce": 3,
		"total_medals": 4
	},
  {
		"country": "KUW",
		"gold": 4,
		"silver": 5,
		"bronce": 8,
		"total_medals": 17
	},
  {
		"country": "ISL",
		"gold": 2,
		"silver": 2,
		"bronce": 7,
		"total_medals": 11
	},
  {
		"country": "POR",
		"gold": 3,
		"silver": 5,
		"bronce": 6,
		"total_medals": 14
	},
  {
		"country": "CHN",
		"gold": 16,
		"silver": 17,
		"bronce": 8,
		"total_medals": 41
	},
  {
		"country": "TTO",
		"gold": 0,
		"silver": 0,
		"bronce": 0,
		"total_medals": 0
	},
  {
		"country": "JOR",
		"gold": 0,
		"silver": 0,
		"bronce": 0,
		"total_medals": 0
	},
  {
		"country": "BRN",
		"gold": 1,
		"silver": 1,
		"bronce": 1,
		"total_medals": 3
	},
  {
		"country": "FRO",
		"gold": 1,
		"silver": 3,
		"bronce": 3,
		"total_medals": 7
	},
  {
		"country": "THA",
		"gold": 0,
		"silver": 1,
		"bronce": 0,
		"total_medals": 1
	},
  {
		"country": "RUS",
		"gold": 21,
		"silver": 20,
		"bronce": 15,
		"total_medals": 56
	},
  {
		"country": "IRI",
		"gold": 4,
		"silver": 1,
		"bronce": 3,
		"total_medals": 8
	},
  {
		"country": "BUL",
		"gold": 2,
		"silver": 1,
		"bronce": 0,
		"total_medals": 3
	},
  {
		"country": "PUR",
		"gold": 1,
		"silver": 2,
		"bronce": 0,
		"total_medals": 3
	},
  {
		"country": "TUN",
		"gold": 0,
		"silver": 0,
		"bronce": 2,
		"total_medals": 2
	},
  {
		"country": "MAS",
		"gold": 0,
		"silver": 0,
		"bronce": 1,
		"total_medals": 1
	},
  {
		"country": "MAR",
		"gold": 0,
		"silver": 0,
		"bronce": 1,
		"total_medals": 1
	},
  {
		"country": "CYP",
		"gold": 0,
		"silver": 0,
		"bronce": 0,
		"total_medals": 0
	},
  {
		"country": "PHI",
		"gold": 0,
		"silver": 0,
		"bronce": 0,
		"total_medals": 0
	},
  {
		"country": "SIN",
		"gold": 0,
		"silver": 0,
		"bronce": 0,
		"total_medals": 0
	}],
	"1992": [
	{
		"country": "ITA",
		"gold": 10,
		"silver": 7,
		"bronce": 18,
		"total_medals": 35
	},
  {
		"country": "GBR",
		"gold": 42,
		"silver": 51,
		"bronce": 46,
		"total_medals": 139
	},
  {
		"country": "GER",
		"gold": 61,
		"silver": 51,
		"bronce": 59,
		"total_medals": 171
	},
  {
		"country": "AUT",
		"gold": 5,
		"silver": 4,
		"bronce": 13,
		"total_medals": 22
	},
  {
		"country": "USA",
		"gold": 75,
		"silver": 52,
		"bronce": 48,
		"total_medals": 175
	},
  {
		"country": "NOR",
		"gold": 13,
		"silver": 13,
		"bronce": 7,
		"total_medals": 33
	},
  {
		"country": "AUS",
		"gold": 37,
		"silver": 37,
		"bronce": 34,
		"total_medals": 108
	},
  {
		"country": "NED",
		"gold": 14,
		"silver": 14,
		"bronce": 12,
		"total_medals": 40
	},
  {
		"country": "FRA",
		"gold": 36,
		"silver": 36,
		"bronce": 35,
		"total_medals": 107
	},
  {
		"country": "ARG",
		"gold": 1,
		"silver": 1,
		"bronce": 0,
		"total_medals": 2
	},
  {
		"country": "IRL",
		"gold": 0,
		"silver": 3,
		"bronce": 4,
		"total_medals": 7
	},
  {
		"country": "SUI",
		"gold": 6,
		"silver": 16,
		"bronce": 13,
		"total_medals": 35
	},
  {
		"country": "BEL",
		"gold": 5,
		"silver": 5,
		"bronce": 7,
		"total_medals": 17
	},
  {
		"country": "FIN",
		"gold": 8,
		"silver": 6,
		"bronce": 12,
		"total_medals": 26
	},
  {
		"country": "ISR",
		"gold": 2,
		"silver": 4,
		"bronce": 5,
		"total_medals": 11
	},
  {
		"country": "RSA",
		"gold": 4,
		"silver": 1,
		"bronce": 3,
		"total_medals": 8
	},
  {
		"country": "JPN",
		"gold": 8,
		"silver": 7,
		"bronce": 16,
		"total_medals": 31
	},
  {
		"country": "SWE",
		"gold": 16,
		"silver": 33,
		"bronce": 19,
		"total_medals": 68
	},
  {
		"country": "CAN",
		"gold": 29,
		"silver": 23,
		"bronce": 29,
		"total_medals": 81
	},
  {
		"country": "JAM",
		"gold": 0,
		"silver": 1,
		"bronce": 2,
		"total_medals": 3
	},
  {
		"country": "NZL",
		"gold": 5,
		"silver": 1,
		"bronce": 0,
		"total_medals": 6
	},
  {
		"country": "ESP",
		"gold": 39,
		"silver": 32,
		"bronce": 49,
		"total_medals": 120
	},
  {
		"country": "POL",
		"gold": 10,
		"silver": 13,
		"bronce": 11,
		"total_medals": 34
	},
  {
		"country": "KOR",
		"gold": 11,
		"silver": 16,
		"bronce": 18,
		"total_medals": 45
	},
  {
		"country": "KEN",
		"gold": 3,
		"silver": 1,
		"bronce": 3,
		"total_medals": 7
	},
  {
		"country": "HKG",
		"gold": 3,
		"silver": 4,
		"bronce": 4,
		"total_medals": 11
	},
  {
		"country": "TCH",
		"gold": 4,
		"silver": 3,
		"bronce": 6,
		"total_medals": 13
	},
  {
		"country": "HUN",
		"gold": 4,
		"silver": 3,
		"bronce": 4,
		"total_medals": 11
	},
  {
		"country": "MEX",
		"gold": 0,
		"silver": 1,
		"bronce": 10,
		"total_medals": 11
	},
  {
		"country": "EGY",
		"gold": 7,
		"silver": 6,
		"bronce": 7,
		"total_medals": 20
	},
  {
		"country": "DEN",
		"gold": 12,
		"silver": 22,
		"bronce": 12,
		"total_medals": 46
	},
  {
		"country": "BRA",
		"gold": 4,
		"silver": 3,
		"bronce": 5,
		"total_medals": 12
	},
  {
		"country": "ECU",
		"gold": 0,
		"silver": 0,
		"bronce": 1,
		"total_medals": 1
	},
  {
		"country": "GRE",
		"gold": 0,
		"silver": 3,
		"bronce": 1,
		"total_medals": 4
	},
  {
		"country": "KUW",
		"gold": 1,
		"silver": 3,
		"bronce": 1,
		"total_medals": 5
	},
  {
		"country": "ISL",
		"gold": 13,
		"silver": 8,
		"bronce": 18,
		"total_medals": 39
	},
  {
		"country": "POR",
		"gold": 3,
		"silver": 6,
		"bronce": 5,
		"total_medals": 14
	},
  {
		"country": "CHN",
		"gold": 16,
		"silver": 8,
		"bronce": 7,
		"total_medals": 31
	},
  {
		"country": "BRN",
		"gold": 0,
		"silver": 0,
		"bronce": 1,
		"total_medals": 1
	},
  {
		"country": "FRO",
		"gold": 0,
		"silver": 1,
		"bronce": 0,
		"total_medals": 1
	},
  {
		"country": "THA",
		"gold": 0,
		"silver": 0,
		"bronce": 1,
		"total_medals": 1
	},
  {
		"country": "VEN",
		"gold": 0,
		"silver": 0,
		"bronce": 1,
		"total_medals": 1
	},
  {
		"country": "IRI",
		"gold": 1,
		"silver": 2,
		"bronce": 1,
		"total_medals": 4
	},
  {
		"country": "BUL",
		"gold": 1,
		"silver": 2,
		"bronce": 0,
		"total_medals": 3
	},
  {
		"country": "PUR",
		"gold": 0,
		"silver": 0,
		"bronce": 1,
		"total_medals": 1
	},
  {
		"country": "TUN",
		"gold": 0,
		"silver": 1,
		"bronce": 0,
		"total_medals": 1
	},
  {
		"country": "MAS",
		"gold": 0,
		"silver": 1,
		"bronce": 2,
		"total_medals": 3
	},
  {
		"country": "EUN",
		"gold": 19,
		"silver": 15,
		"bronce": 16,
		"total_medals": 50
	},
  {
		"country": "ROU",
		"gold": 10,
		"silver": 6,
		"bronce": 7,
		"total_medals": 23
	},
  {
		"country": "URU",
		"gold": 5,
		"silver": 4,
		"bronce": 5,
		"total_medals": 14
	},
  {
		"country": "IPP",
		"gold": 4,
		"silver": 3,
		"bronce": 1,
		"total_medals": 8
	},
  {
		"country": "CUB",
		"gold": 3,
		"silver": 3,
		"bronce": 3,
		"total_medals": 9
	},
  {
		"country": "NGR",
		"gold": 3,
		"silver": 0,
		"bronce": 0,
		"total_medals": 3
	},
  {
		"country": "DOM",
		"gold": 2,
		"silver": 6,
		"bronce": 1,
		"total_medals": 9
	},
  {
		"country": "SLO",
		"gold": 2,
		"silver": 0,
		"bronce": 1,
		"total_medals": 3
	},
  {
		"country": "PAN",
		"gold": 1,
		"silver": 2,
		"bronce": 0,
		"total_medals": 3
	},
  {
		"country": "CHI",
		"gold": 1,
		"silver": 0,
		"bronce": 0,
		"total_medals": 1
	},
  {
		"country": "LTU",
		"gold": 0,
		"silver": 4,
		"bronce": 3,
		"total_medals": 7
	},
  {
		"country": "EST",
		"gold": 0,
		"silver": 2,
		"bronce": 1,
		"total_medals": 3
	},
  {
		"country": "TPE",
		"gold": 0,
		"silver": 0,
		"bronce": 1,
		"total_medals": 1
	},
  {
		"country": "TWN",
		"gold": 0,
		"silver": 0,
		"bronce": 1,
		"total_medals": 1
	},
  {
		"country": "CRO",
		"gold": 0,
		"silver": 0,
		"bronce": 1,
		"total_medals": 1
	},
  {
		"country": "IRQ",
		"gold": 0,
		"silver": 0,
		"bronce": 1,
		"total_medals": 1
	}],
	"1996": [
	{
		"country": "ITA",
		"gold": 11,
		"silver": 20,
		"bronce": 14,
		"total_medals": 45
	},
  {
		"country": "GBR",
		"gold": 40,
		"silver": 42,
		"bronce": 41,
		"total_medals": 123
	},
  {
		"country": "GER",
		"gold": 40,
		"silver": 58,
		"bronce": 51,
		"total_medals": 149
	},
  {
		"country": "AUT",
		"gold": 6,
		"silver": 6,
		"bronce": 10,
		"total_medals": 22
	},
  {
		"country": "USA",
		"gold": 47,
		"silver": 46,
		"bronce": 66,
		"total_medals": 159
	},
  {
		"country": "NOR",
		"gold": 9,
		"silver": 7,
		"bronce": 4,
		"total_medals": 20
	},
  {
		"country": "AUS",
		"gold": 42,
		"silver": 37,
		"bronce": 27,
		"total_medals": 106
	},
  {
		"country": "NED",
		"gold": 17,
		"silver": 11,
		"bronce": 17,
		"total_medals": 45
	},
  {
		"country": "FRA",
		"gold": 35,
		"silver": 29,
		"bronce": 31,
		"total_medals": 95
	},
  {
		"country": "ARG",
		"gold": 2,
		"silver": 5,
		"bronce": 2,
		"total_medals": 9
	},
  {
		"country": "IRL",
		"gold": 1,
		"silver": 3,
		"bronce": 6,
		"total_medals": 10
	},
  {
		"country": "SUI",
		"gold": 9,
		"silver": 6,
		"bronce": 6,
		"total_medals": 21
	},
  {
		"country": "BEL",
		"gold": 8,
		"silver": 10,
		"bronce": 7,
		"total_medals": 25
	},
  {
		"country": "FIN",
		"gold": 4,
		"silver": 5,
		"bronce": 4,
		"total_medals": 13
	},
  {
		"country": "ISR",
		"gold": 0,
		"silver": 4,
		"bronce": 5,
		"total_medals": 9
	},
  {
		"country": "RSA",
		"gold": 10,
		"silver": 8,
		"bronce": 10,
		"total_medals": 28
	},
  {
		"country": "JPN",
		"gold": 14,
		"silver": 10,
		"bronce": 13,
		"total_medals": 37
	},
  {
		"country": "SWE",
		"gold": 12,
		"silver": 14,
		"bronce": 11,
		"total_medals": 37
	},
  {
		"country": "CAN",
		"gold": 24,
		"silver": 23,
		"bronce": 24,
		"total_medals": 71
	},
  {
		"country": "JAM",
		"gold": 0,
		"silver": 0,
		"bronce": 1,
		"total_medals": 1
	},
  {
		"country": "NZL",
		"gold": 9,
		"silver": 6,
		"bronce": 3,
		"total_medals": 18
	},
  {
		"country": "ESP",
		"gold": 39,
		"silver": 31,
		"bronce": 36,
		"total_medals": 106
	},
  {
		"country": "POL",
		"gold": 13,
		"silver": 14,
		"bronce": 8,
		"total_medals": 35
	},
  {
		"country": "KOR",
		"gold": 13,
		"silver": 2,
		"bronce": 15,
		"total_medals": 30
	},
  {
		"country": "YUG",
		"gold": 2,
		"silver": 2,
		"bronce": 0,
		"total_medals": 4
	},
  {
		"country": "KEN",
		"gold": 1,
		"silver": 1,
		"bronce": 0,
		"total_medals": 2
	},
  {
		"country": "HKG",
		"gold": 5,
		"silver": 5,
		"bronce": 5,
		"total_medals": 15
	},
  {
		"country": "HUN",
		"gold": 5,
		"silver": 2,
		"bronce": 3,
		"total_medals": 10
	},
  {
		"country": "MEX",
		"gold": 3,
		"silver": 5,
		"bronce": 4,
		"total_medals": 12
	},
  {
		"country": "EGY",
		"gold": 8,
		"silver": 11,
		"bronce": 11,
		"total_medals": 30
	},
  {
		"country": "DEN",
		"gold": 7,
		"silver": 17,
		"bronce": 17,
		"total_medals": 41
	},
  {
		"country": "PER",
		"gold": 1,
		"silver": 0,
		"bronce": 0,
		"total_medals": 1
	},
  {
		"country": "BRA",
		"gold": 2,
		"silver": 6,
		"bronce": 13,
		"total_medals": 21
	},
  {
		"country": "GRE",
		"gold": 1,
		"silver": 1,
		"bronce": 3,
		"total_medals": 5
	},
  {
		"country": "KUW",
		"gold": 1,
		"silver": 1,
		"bronce": 1,
		"total_medals": 3
	},
  {
		"country": "ISL",
		"gold": 5,
		"silver": 4,
		"bronce": 5,
		"total_medals": 14
	},
  {
		"country": "POR",
		"gold": 6,
		"silver": 4,
		"bronce": 4,
		"total_medals": 14
	},
  {
		"country": "CHN",
		"gold": 16,
		"silver": 13,
		"bronce": 10,
		"total_medals": 39
	},
  {
		"country": "JOR",
		"gold": 0,
		"silver": 1,
		"bronce": 0,
		"total_medals": 1
	},
  {
		"country": "THA",
		"gold": 0,
		"silver": 0,
		"bronce": 2,
		"total_medals": 2
	},
  {
		"country": "RUS",
		"gold": 9,
		"silver": 7,
		"bronce": 11,
		"total_medals": 27
	},
  {
		"country": "IRI",
		"gold": 9,
		"silver": 5,
		"bronce": 3,
		"total_medals": 17
	},
  {
		"country": "BUL",
		"gold": 0,
		"silver": 1,
		"bronce": 1,
		"total_medals": 2
	},
  {
		"country": "TUN",
		"gold": 0,
		"silver": 2,
		"bronce": 0,
		"total_medals": 2
	},
  {
		"country": "URU",
		"gold": 0,
		"silver": 0,
		"bronce": 1,
		"total_medals": 1
	},
  {
		"country": "CUB",
		"gold": 8,
		"silver": 3,
		"bronce": 0,
		"total_medals": 11
	},
  {
		"country": "NGR",
		"gold": 3,
		"silver": 2,
		"bronce": 3,
		"total_medals": 8
	},
  {
		"country": "DOM",
		"gold": 1,
		"silver": 0,
		"bronce": 0,
		"total_medals": 1
	},
  {
		"country": "SLO",
		"gold": 0,
		"silver": 2,
		"bronce": 3,
		"total_medals": 5
	},
  {
		"country": "PAN",
		"gold": 2,
		"silver": 0,
		"bronce": 0,
		"total_medals": 2
	},
  {
		"country": "LTU",
		"gold": 3,
		"silver": 2,
		"bronce": 6,
		"total_medals": 11
	},
  {
		"country": "EST",
		"gold": 3,
		"silver": 4,
		"bronce": 2,
		"total_medals": 9
	},
  {
		"country": "TPE",
		"gold": 1,
		"silver": 0,
		"bronce": 2,
		"total_medals": 3
	},
  {
		"country": "TWN",
		"gold": 1,
		"silver": 0,
		"bronce": 2,
		"total_medals": 3
	},
  {
		"country": "BLR",
		"gold": 3,
		"silver": 3,
		"bronce": 7,
		"total_medals": 13
	},
  {
		"country": "CZE",
		"gold": 2,
		"silver": 7,
		"bronce": 1,
		"total_medals": 10
	},
  {
		"country": "SVK",
		"gold": 2,
		"silver": 4,
		"bronce": 5,
		"total_medals": 11
	},
  {
		"country": "ALG",
		"gold": 2,
		"silver": 2,
		"bronce": 3,
		"total_medals": 7
	},
  {
		"country": "CIV",
		"gold": 2,
		"silver": 0,
		"bronce": 0,
		"total_medals": 2
	},
  {
		"country": "UKR",
		"gold": 1,
		"silver": 4,
		"bronce": 2,
		"total_medals": 7
	},
  {
		"country": "MDA",
		"gold": 0,
		"silver": 0,
		"bronce": 2,
		"total_medals": 2
	}],
	"2000": [
	{
		"country": "ITA",
		"gold": 9,
		"silver": 8,
		"bronce": 10,
		"total_medals": 27
	},
  {
		"country": "GBR",
		"gold": 41,
		"silver": 43,
		"bronce": 47,
		"total_medals": 131
	},
  {
		"country": "GER",
		"gold": 16,
		"silver": 41,
		"bronce": 38,
		"total_medals": 95
	},
  {
		"country": "AUT",
		"gold": 2,
		"silver": 7,
		"bronce": 6,
		"total_medals": 15
	},
  {
		"country": "USA",
		"gold": 36,
		"silver": 39,
		"bronce": 34,
		"total_medals": 109
	},
  {
		"country": "NOR",
		"gold": 2,
		"silver": 6,
		"bronce": 7,
		"total_medals": 15
	},
  {
		"country": "AUS",
		"gold": 63,
		"silver": 39,
		"bronce": 47,
		"total_medals": 149
	},
  {
		"country": "NED",
		"gold": 12,
		"silver": 9,
		"bronce": 9,
		"total_medals": 30
	},
  {
		"country": "FRA",
		"gold": 30,
		"silver": 28,
		"bronce": 28,
		"total_medals": 86
	},
  {
		"country": "ARG",
		"gold": 0,
		"silver": 2,
		"bronce": 3,
		"total_medals": 5
	},
  {
		"country": "IRL",
		"gold": 5,
		"silver": 3,
		"bronce": 1,
		"total_medals": 9
	},
  {
		"country": "SUI",
		"gold": 8,
		"silver": 4,
		"bronce": 8,
		"total_medals": 20
	},
  {
		"country": "BEL",
		"gold": 1,
		"silver": 4,
		"bronce": 4,
		"total_medals": 9
	},
  {
		"country": "FIN",
		"gold": 1,
		"silver": 3,
		"bronce": 6,
		"total_medals": 10
	},
  {
		"country": "ISR",
		"gold": 3,
		"silver": 2,
		"bronce": 1,
		"total_medals": 6
	},
  {
		"country": "RSA",
		"gold": 13,
		"silver": 12,
		"bronce": 13,
		"total_medals": 38
	},
  {
		"country": "JPN",
		"gold": 13,
		"silver": 17,
		"bronce": 11,
		"total_medals": 41
	},
  {
		"country": "SWE",
		"gold": 5,
		"silver": 6,
		"bronce": 10,
		"total_medals": 21
	},
  {
		"country": "CAN",
		"gold": 38,
		"silver": 33,
		"bronce": 25,
		"total_medals": 96
	},
  {
		"country": "NZL",
		"gold": 6,
		"silver": 8,
		"bronce": 4,
		"total_medals": 18
	},
  {
		"country": "ESP",
		"gold": 38,
		"silver": 30,
		"bronce": 38,
		"total_medals": 106
	},
  {
		"country": "POL",
		"gold": 19,
		"silver": 22,
		"bronce": 12,
		"total_medals": 53
	},
  {
		"country": "KOR",
		"gold": 18,
		"silver": 7,
		"bronce": 7,
		"total_medals": 32
	},
  {
		"country": "YUG",
		"gold": 0,
		"silver": 1,
		"bronce": 0,
		"total_medals": 1
	},
  {
		"country": "KEN",
		"gold": 1,
		"silver": 1,
		"bronce": 2,
		"total_medals": 4
	},
  {
		"country": "HKG",
		"gold": 8,
		"silver": 3,
		"bronce": 7,
		"total_medals": 18
	},
  {
		"country": "HUN",
		"gold": 4,
		"silver": 5,
		"bronce": 14,
		"total_medals": 23
	},
  {
		"country": "MEX",
		"gold": 10,
		"silver": 12,
		"bronce": 12,
		"total_medals": 34
	},
  {
		"country": "EGY",
		"gold": 6,
		"silver": 12,
		"bronce": 10,
		"total_medals": 28
	},
  {
		"country": "DEN",
		"gold": 8,
		"silver": 8,
		"bronce": 14,
		"total_medals": 30
	},
  {
		"country": "PER",
		"gold": 1,
		"silver": 1,
		"bronce": 0,
		"total_medals": 2
	},
  {
		"country": "BRA",
		"gold": 6,
		"silver": 10,
		"bronce": 6,
		"total_medals": 22
	},
  {
		"country": "GRE",
		"gold": 4,
		"silver": 4,
		"bronce": 3,
		"total_medals": 11
	},
  {
		"country": "KUW",
		"gold": 0,
		"silver": 1,
		"bronce": 4,
		"total_medals": 5
	},
  {
		"country": "ISL",
		"gold": 2,
		"silver": 0,
		"bronce": 2,
		"total_medals": 4
	},
  {
		"country": "ZIM",
		"gold": 1,
		"silver": 0,
		"bronce": 0,
		"total_medals": 1
	},
  {
		"country": "POR",
		"gold": 6,
		"silver": 5,
		"bronce": 5,
		"total_medals": 16
	},
  {
		"country": "CHN",
		"gold": 34,
		"silver": 22,
		"bronce": 17,
		"total_medals": 73
	},
  {
		"country": "JOR",
		"gold": 1,
		"silver": 0,
		"bronce": 0,
		"total_medals": 1
	},
  {
		"country": "BRN",
		"gold": 0,
		"silver": 1,
		"bronce": 1,
		"total_medals": 2
	},
  {
		"country": "FRO",
		"gold": 0,
		"silver": 3,
		"bronce": 1,
		"total_medals": 4
	},
  {
		"country": "THA",
		"gold": 5,
		"silver": 4,
		"bronce": 2,
		"total_medals": 11
	},
  {
		"country": "VEN",
		"gold": 0,
		"silver": 0,
		"bronce": 1,
		"total_medals": 1
	},
  {
		"country": "RUS",
		"gold": 13,
		"silver": 11,
		"bronce": 12,
		"total_medals": 36
	},
  {
		"country": "IRI",
		"gold": 12,
		"silver": 4,
		"bronce": 7,
		"total_medals": 23
	},
  {
		"country": "BUL",
		"gold": 1,
		"silver": 0,
		"bronce": 0,
		"total_medals": 1
	},
  {
		"country": "PUR",
		"gold": 0,
		"silver": 0,
		"bronce": 1,
		"total_medals": 1
	},
  {
		"country": "TUN",
		"gold": 6,
		"silver": 4,
		"bronce": 1,
		"total_medals": 11
	},
  {
		"country": "PHI",
		"gold": 0,
		"silver": 0,
		"bronce": 1,
		"total_medals": 1
	},
  {
		"country": "CUB",
		"gold": 4,
		"silver": 2,
		"bronce": 2,
		"total_medals": 8
	},
  {
		"country": "NGR",
		"gold": 7,
		"silver": 1,
		"bronce": 5,
		"total_medals": 13
	},
  {
		"country": "SLO",
		"gold": 0,
		"silver": 2,
		"bronce": 2,
		"total_medals": 4
	},
  {
		"country": "PAN",
		"gold": 0,
		"silver": 1,
		"bronce": 1,
		"total_medals": 2
	},
  {
		"country": "LTU",
		"gold": 0,
		"silver": 2,
		"bronce": 1,
		"total_medals": 3
	},
  {
		"country": "EST",
		"gold": 1,
		"silver": 1,
		"bronce": 3,
		"total_medals": 5
	},
  {
		"country": "TPE",
		"gold": 1,
		"silver": 2,
		"bronce": 4,
		"total_medals": 7
	},
  {
		"country": "TWN",
		"gold": 1,
		"silver": 2,
		"bronce": 4,
		"total_medals": 7
	},
  {
		"country": "BLR",
		"gold": 5,
		"silver": 8,
		"bronce": 10,
		"total_medals": 23
	},
  {
		"country": "CZE",
		"gold": 15,
		"silver": 15,
		"bronce": 13,
		"total_medals": 43
	},
  {
		"country": "SVK",
		"gold": 3,
		"silver": 5,
		"bronce": 5,
		"total_medals": 13
	},
  {
		"country": "ALG",
		"gold": 3,
		"silver": 0,
		"bronce": 0,
		"total_medals": 3
	},
  {
		"country": "CIV",
		"gold": 1,
		"silver": 0,
		"bronce": 1,
		"total_medals": 2
	},
  {
		"country": "UKR",
		"gold": 3,
		"silver": 20,
		"bronce": 14,
		"total_medals": 37
	},
  {
		"country": "UAE",
		"gold": 0,
		"silver": 3,
		"bronce": 1,
		"total_medals": 4
	},
  {
		"country": "AZE",
		"gold": 0,
		"silver": 1,
		"bronce": 0,
		"total_medals": 1
	},
  {
		"country": "BIH",
		"gold": 0,
		"silver": 1,
		"bronce": 0,
		"total_medals": 1
	},
  {
		"country": "LAT",
		"gold": 0,
		"silver": 0,
		"bronce": 3,
		"total_medals": 3
	},
  {
		"country": "LBA",
		"gold": 0,
		"silver": 0,
		"bronce": 1,
		"total_medals": 1
	},
  {
		"country": "PLE",
		"gold": 0,
		"silver": 0,
		"bronce": 1,
		"total_medals": 1
	}],
	"2004": [
	{
		"country": "ITA",
		"gold": 4,
		"silver": 8,
		"bronce": 7,
		"total_medals": 19
	},
  {
		"country": "GBR",
		"gold": 35,
		"silver": 30,
		"bronce": 29,
		"total_medals": 94
	},
  {
		"country": "GER",
		"gold": 19,
		"silver": 28,
		"bronce": 31,
		"total_medals": 78
	},
  {
		"country": "AUT",
		"gold": 8,
		"silver": 10,
		"bronce": 4,
		"total_medals": 22
	},
  {
		"country": "USA",
		"gold": 27,
		"silver": 22,
		"bronce": 39,
		"total_medals": 88
	},
  {
		"country": "NOR",
		"gold": 3,
		"silver": 1,
		"bronce": 1,
		"total_medals": 5
	},
  {
		"country": "AUS",
		"gold": 26,
		"silver": 39,
		"bronce": 36,
		"total_medals": 101
	},
  {
		"country": "NED",
		"gold": 5,
		"silver": 12,
		"bronce": 12,
		"total_medals": 29
	},
  {
		"country": "FRA",
		"gold": 18,
		"silver": 26,
		"bronce": 30,
		"total_medals": 74
	},
  {
		"country": "ARG",
		"gold": 0,
		"silver": 2,
		"bronce": 2,
		"total_medals": 4
	},
  {
		"country": "IRL",
		"gold": 0,
		"silver": 3,
		"bronce": 1,
		"total_medals": 4
	},
  {
		"country": "SUI",
		"gold": 2,
		"silver": 6,
		"bronce": 8,
		"total_medals": 16
	},
  {
		"country": "BEL",
		"gold": 3,
		"silver": 2,
		"bronce": 2,
		"total_medals": 7
	},
  {
		"country": "FIN",
		"gold": 4,
		"silver": 1,
		"bronce": 3,
		"total_medals": 8
	},
  {
		"country": "ISR",
		"gold": 4,
		"silver": 4,
		"bronce": 5,
		"total_medals": 13
	},
  {
		"country": "RSA",
		"gold": 15,
		"silver": 13,
		"bronce": 7,
		"total_medals": 35
	},
  {
		"country": "JPN",
		"gold": 17,
		"silver": 15,
		"bronce": 20,
		"total_medals": 52
	},
  {
		"country": "SWE",
		"gold": 8,
		"silver": 7,
		"bronce": 6,
		"total_medals": 21
	},
  {
		"country": "CAN",
		"gold": 28,
		"silver": 19,
		"bronce": 25,
		"total_medals": 72
	},
  {
		"country": "JAM",
		"gold": 1,
		"silver": 0,
		"bronce": 1,
		"total_medals": 2
	},
  {
		"country": "NZL",
		"gold": 6,
		"silver": 1,
		"bronce": 3,
		"total_medals": 10
	},
  {
		"country": "ESP",
		"gold": 20,
		"silver": 27,
		"bronce": 24,
		"total_medals": 71
	},
  {
		"country": "POL",
		"gold": 10,
		"silver": 25,
		"bronce": 19,
		"total_medals": 54
	},
  {
		"country": "KOR",
		"gold": 11,
		"silver": 11,
		"bronce": 6,
		"total_medals": 28
	},
  {
		"country": "IND",
		"gold": 1,
		"silver": 0,
		"bronce": 1,
		"total_medals": 2
	},
  {
		"country": "KEN",
		"gold": 3,
		"silver": 1,
		"bronce": 3,
		"total_medals": 7
	},
  {
		"country": "HKG",
		"gold": 11,
		"silver": 7,
		"bronce": 1,
		"total_medals": 19
	},
  {
		"country": "HUN",
		"gold": 1,
		"silver": 8,
		"bronce": 10,
		"total_medals": 19
	},
  {
		"country": "MEX",
		"gold": 14,
		"silver": 10,
		"bronce": 10,
		"total_medals": 34
	},
  {
		"country": "EGY",
		"gold": 6,
		"silver": 9,
		"bronce": 8,
		"total_medals": 23
	},
  {
		"country": "DEN",
		"gold": 5,
		"silver": 3,
		"bronce": 7,
		"total_medals": 15
	},
  {
		"country": "PER",
		"gold": 0,
		"silver": 0,
		"bronce": 2,
		"total_medals": 2
	},
  {
		"country": "BRA",
		"gold": 14,
		"silver": 12,
		"bronce": 7,
		"total_medals": 33
	},
  {
		"country": "GRE",
		"gold": 3,
		"silver": 13,
		"bronce": 4,
		"total_medals": 20
	},
  {
		"country": "KUW",
		"gold": 1,
		"silver": 2,
		"bronce": 3,
		"total_medals": 6
	},
  {
		"country": "ISL",
		"gold": 1,
		"silver": 3,
		"bronce": 0,
		"total_medals": 4
	},
  {
		"country": "ZIM",
		"gold": 1,
		"silver": 0,
		"bronce": 0,
		"total_medals": 1
	},
  {
		"country": "POR",
		"gold": 2,
		"silver": 5,
		"bronce": 5,
		"total_medals": 12
	},
  {
		"country": "CHN",
		"gold": 63,
		"silver": 46,
		"bronce": 32,
		"total_medals": 141
	},
  {
		"country": "JOR",
		"gold": 0,
		"silver": 1,
		"bronce": 1,
		"total_medals": 2
	},
  {
		"country": "BRN",
		"gold": 0,
		"silver": 1,
		"bronce": 0,
		"total_medals": 1
	},
  {
		"country": "FRO",
		"gold": 0,
		"silver": 0,
		"bronce": 1,
		"total_medals": 1
	},
  {
		"country": "THA",
		"gold": 3,
		"silver": 6,
		"bronce": 6,
		"total_medals": 15
	},
  {
		"country": "VEN",
		"gold": 0,
		"silver": 1,
		"bronce": 2,
		"total_medals": 3
	},
  {
		"country": "RUS",
		"gold": 16,
		"silver": 8,
		"bronce": 17,
		"total_medals": 41
	},
  {
		"country": "IRI",
		"gold": 6,
		"silver": 3,
		"bronce": 13,
		"total_medals": 22
	},
  {
		"country": "PUR",
		"gold": 0,
		"silver": 0,
		"bronce": 1,
		"total_medals": 1
	},
  {
		"country": "TUN",
		"gold": 8,
		"silver": 7,
		"bronce": 3,
		"total_medals": 18
	},
  {
		"country": "MAR",
		"gold": 2,
		"silver": 4,
		"bronce": 0,
		"total_medals": 6
	},
  {
		"country": "CYP",
		"gold": 1,
		"silver": 0,
		"bronce": 0,
		"total_medals": 1
	},
  {
		"country": "CUB",
		"gold": 2,
		"silver": 2,
		"bronce": 7,
		"total_medals": 11
	},
  {
		"country": "NGR",
		"gold": 5,
		"silver": 4,
		"bronce": 3,
		"total_medals": 12
	},
  {
		"country": "SLO",
		"gold": 1,
		"silver": 2,
		"bronce": 1,
		"total_medals": 4
	},
  {
		"country": "PAN",
		"gold": 0,
		"silver": 1,
		"bronce": 0,
		"total_medals": 1
	},
  {
		"country": "LTU",
		"gold": 1,
		"silver": 1,
		"bronce": 5,
		"total_medals": 7
	},
  {
		"country": "EST",
		"gold": 0,
		"silver": 1,
		"bronce": 0,
		"total_medals": 1
	},
  {
		"country": "TPE",
		"gold": 2,
		"silver": 2,
		"bronce": 2,
		"total_medals": 6
	},
  {
		"country": "TWN",
		"gold": 2,
		"silver": 2,
		"bronce": 2,
		"total_medals": 6
	},
  {
		"country": "CRO",
		"gold": 0,
		"silver": 0,
		"bronce": 4,
		"total_medals": 4
	},
  {
		"country": "IRQ",
		"gold": 1,
		"silver": 0,
		"bronce": 1,
		"total_medals": 2
	},
  {
		"country": "BLR",
		"gold": 10,
		"silver": 12,
		"bronce": 7,
		"total_medals": 29
	},
  {
		"country": "CZE",
		"gold": 16,
		"silver": 8,
		"bronce": 7,
		"total_medals": 31
	},
  {
		"country": "SVK",
		"gold": 5,
		"silver": 3,
		"bronce": 4,
		"total_medals": 12
	},
  {
		"country": "ALG",
		"gold": 6,
		"silver": 2,
		"bronce": 5,
		"total_medals": 13
	},
  {
		"country": "UKR",
		"gold": 24,
		"silver": 12,
		"bronce": 19,
		"total_medals": 55
	},
  {
		"country": "UAE",
		"gold": 1,
		"silver": 1,
		"bronce": 2,
		"total_medals": 4
	},
  {
		"country": "AZE",
		"gold": 2,
		"silver": 1,
		"bronce": 1,
		"total_medals": 4
	},
  {
		"country": "BIH",
		"gold": 1,
		"silver": 0,
		"bronce": 0,
		"total_medals": 1
	},
  {
		"country": "LAT",
		"gold": 1,
		"silver": 1,
		"bronce": 1,
		"total_medals": 3
	},
  {
		"country": "PLE",
		"gold": 0,
		"silver": 1,
		"bronce": 1,
		"total_medals": 2
	},
  {
		"country": "ANG",
		"gold": 3,
		"silver": 0,
		"bronce": 0,
		"total_medals": 3
	},
  {
		"country": "TUR",
		"gold": 1,
		"silver": 0,
		"bronce": 1,
		"total_medals": 2
	},
  {
		"country": "BOT",
		"gold": 1,
		"silver": 0,
		"bronce": 0,
		"total_medals": 1
	},
  {
		"country": "MKD",
		"gold": 0,
		"silver": 1,
		"bronce": 0,
		"total_medals": 1
	},
  {
		"country": "SCG",
		"gold": 0,
		"silver": 0,
		"bronce": 2,
		"total_medals": 2
	},
  {
		"country": "RWA",
		"gold": 0,
		"silver": 0,
		"bronce": 1,
		"total_medals": 1
	}],
	"2008": [
	{
		"country": "ITA",
		"gold": 4,
		"silver": 7,
		"bronce": 7,
		"total_medals": 18
	},
  {
		"country": "GBR",
		"gold": 42,
		"silver": 29,
		"bronce": 31,
		"total_medals": 102
	},
  {
		"country": "GER",
		"gold": 14,
		"silver": 25,
		"bronce": 20,
		"total_medals": 59
	},
  {
		"country": "AUT",
		"gold": 4,
		"silver": 1,
		"bronce": 1,
		"total_medals": 6
	},
  {
		"country": "USA",
		"gold": 36,
		"silver": 35,
		"bronce": 28,
		"total_medals": 99
	},
  {
		"country": "NOR",
		"gold": 1,
		"silver": 3,
		"bronce": 3,
		"total_medals": 7
	},
  {
		"country": "AUS",
		"gold": 23,
		"silver": 29,
		"bronce": 27,
		"total_medals": 79
	},
  {
		"country": "NED",
		"gold": 5,
		"silver": 10,
		"bronce": 7,
		"total_medals": 22
	},
  {
		"country": "FRA",
		"gold": 12,
		"silver": 21,
		"bronce": 19,
		"total_medals": 52
	},
  {
		"country": "ARG",
		"gold": 0,
		"silver": 1,
		"bronce": 5,
		"total_medals": 6
	},
  {
		"country": "IRL",
		"gold": 3,
		"silver": 1,
		"bronce": 1,
		"total_medals": 5
	},
  {
		"country": "SUI",
		"gold": 3,
		"silver": 2,
		"bronce": 6,
		"total_medals": 11
	},
  {
		"country": "BEL",
		"gold": 0,
		"silver": 0,
		"bronce": 1,
		"total_medals": 1
	},
  {
		"country": "FIN",
		"gold": 2,
		"silver": 2,
		"bronce": 2,
		"total_medals": 6
	},
  {
		"country": "ISR",
		"gold": 0,
		"silver": 5,
		"bronce": 1,
		"total_medals": 6
	},
  {
		"country": "RSA",
		"gold": 21,
		"silver": 3,
		"bronce": 6,
		"total_medals": 30
	},
  {
		"country": "JPN",
		"gold": 5,
		"silver": 14,
		"bronce": 8,
		"total_medals": 27
	},
  {
		"country": "SWE",
		"gold": 5,
		"silver": 3,
		"bronce": 4,
		"total_medals": 12
	},
  {
		"country": "CAN",
		"gold": 19,
		"silver": 10,
		"bronce": 21,
		"total_medals": 50
	},
  {
		"country": "JAM",
		"gold": 0,
		"silver": 0,
		"bronce": 1,
		"total_medals": 1
	},
  {
		"country": "NZL",
		"gold": 5,
		"silver": 3,
		"bronce": 4,
		"total_medals": 12
	},
  {
		"country": "ESP",
		"gold": 15,
		"silver": 21,
		"bronce": 22,
		"total_medals": 58
	},
  {
		"country": "POL",
		"gold": 5,
		"silver": 12,
		"bronce": 13,
		"total_medals": 30
	},
  {
		"country": "KOR",
		"gold": 10,
		"silver": 8,
		"bronce": 13,
		"total_medals": 31
	},
  {
		"country": "KEN",
		"gold": 5,
		"silver": 3,
		"bronce": 1,
		"total_medals": 9
	},
  {
		"country": "HKG",
		"gold": 5,
		"silver": 3,
		"bronce": 3,
		"total_medals": 11
	},
  {
		"country": "HUN",
		"gold": 1,
		"silver": 0,
		"bronce": 5,
		"total_medals": 6
	},
  {
		"country": "MEX",
		"gold": 10,
		"silver": 3,
		"bronce": 7,
		"total_medals": 20
	},
  {
		"country": "EGY",
		"gold": 4,
		"silver": 4,
		"bronce": 4,
		"total_medals": 12
	},
  {
		"country": "DEN",
		"gold": 3,
		"silver": 2,
		"bronce": 4,
		"total_medals": 9
	},
  {
		"country": "BRA",
		"gold": 16,
		"silver": 14,
		"bronce": 17,
		"total_medals": 47
	},
  {
		"country": "COL",
		"gold": 0,
		"silver": 1,
		"bronce": 1,
		"total_medals": 2
	},
  {
		"country": "GRE",
		"gold": 5,
		"silver": 9,
		"bronce": 10,
		"total_medals": 24
	},
  {
		"country": "POR",
		"gold": 1,
		"silver": 4,
		"bronce": 2,
		"total_medals": 7
	},
  {
		"country": "CHN",
		"gold": 89,
		"silver": 70,
		"bronce": 52,
		"total_medals": 211
	},
  {
		"country": "JOR",
		"gold": 0,
		"silver": 2,
		"bronce": 2,
		"total_medals": 4
	},
  {
		"country": "PNG",
		"gold": 0,
		"silver": 1,
		"bronce": 0,
		"total_medals": 1
	},
  {
		"country": "THA",
		"gold": 1,
		"silver": 5,
		"bronce": 7,
		"total_medals": 13
	},
  {
		"country": "VEN",
		"gold": 1,
		"silver": 1,
		"bronce": 2,
		"total_medals": 4
	},
  {
		"country": "RUS",
		"gold": 18,
		"silver": 23,
		"bronce": 22,
		"total_medals": 63
	},
  {
		"country": "IRI",
		"gold": 5,
		"silver": 6,
		"bronce": 3,
		"total_medals": 14
	},
  {
		"country": "BUL",
		"gold": 0,
		"silver": 1,
		"bronce": 1,
		"total_medals": 2
	},
  {
		"country": "PUR",
		"gold": 0,
		"silver": 0,
		"bronce": 1,
		"total_medals": 1
	},
  {
		"country": "TUN",
		"gold": 9,
		"silver": 9,
		"bronce": 3,
		"total_medals": 21
	},
  {
		"country": "MAS",
		"gold": 0,
		"silver": 0,
		"bronce": 1,
		"total_medals": 1
	},
  {
		"country": "MAR",
		"gold": 4,
		"silver": 1,
		"bronce": 2,
		"total_medals": 7
	},
  {
		"country": "CYP",
		"gold": 1,
		"silver": 2,
		"bronce": 1,
		"total_medals": 4
	},
  {
		"country": "SIN",
		"gold": 1,
		"silver": 1,
		"bronce": 2,
		"total_medals": 4
	},
  {
		"country": "ROU",
		"gold": 0,
		"silver": 1,
		"bronce": 0,
		"total_medals": 1
	},
  {
		"country": "CUB",
		"gold": 5,
		"silver": 3,
		"bronce": 6,
		"total_medals": 14
	},
  {
		"country": "NGR",
		"gold": 4,
		"silver": 4,
		"bronce": 1,
		"total_medals": 9
	},
  {
		"country": "SLO",
		"gold": 0,
		"silver": 1,
		"bronce": 2,
		"total_medals": 3
	},
  {
		"country": "LTU",
		"gold": 0,
		"silver": 2,
		"bronce": 0,
		"total_medals": 2
	},
  {
		"country": "EST",
		"gold": 0,
		"silver": 0,
		"bronce": 1,
		"total_medals": 1
	},
  {
		"country": "TPE",
		"gold": 1,
		"silver": 0,
		"bronce": 1,
		"total_medals": 2
	},
  {
		"country": "TWN",
		"gold": 1,
		"silver": 0,
		"bronce": 1,
		"total_medals": 2
	},
  {
		"country": "CRO",
		"gold": 3,
		"silver": 1,
		"bronce": 0,
		"total_medals": 4
	},
  {
		"country": "IRQ",
		"gold": 0,
		"silver": 1,
		"bronce": 1,
		"total_medals": 2
	},
  {
		"country": "BLR",
		"gold": 5,
		"silver": 7,
		"bronce": 1,
		"total_medals": 13
	},
  {
		"country": "CZE",
		"gold": 6,
		"silver": 3,
		"bronce": 18,
		"total_medals": 27
	},
  {
		"country": "SVK",
		"gold": 2,
		"silver": 3,
		"bronce": 1,
		"total_medals": 6
	},
  {
		"country": "ALG",
		"gold": 4,
		"silver": 3,
		"bronce": 8,
		"total_medals": 15
	},
  {
		"country": "UKR",
		"gold": 24,
		"silver": 18,
		"bronce": 32,
		"total_medals": 74
	},
  {
		"country": "UAE",
		"gold": 0,
		"silver": 1,
		"bronce": 0,
		"total_medals": 1
	},
  {
		"country": "AZE",
		"gold": 2,
		"silver": 3,
		"bronce": 5,
		"total_medals": 10
	},
  {
		"country": "BIH",
		"gold": 0,
		"silver": 1,
		"bronce": 0,
		"total_medals": 1
	},
  {
		"country": "LAT",
		"gold": 1,
		"silver": 2,
		"bronce": 0,
		"total_medals": 3
	},
  {
		"country": "ANG",
		"gold": 0,
		"silver": 3,
		"bronce": 0,
		"total_medals": 3
	},
  {
		"country": "TUR",
		"gold": 1,
		"silver": 0,
		"bronce": 1,
		"total_medals": 2
	},
  {
		"country": "KSA",
		"gold": 1,
		"silver": 1,
		"bronce": 0,
		"total_medals": 2
	},
  {
		"country": "MGL",
		"gold": 1,
		"silver": 0,
		"bronce": 0,
		"total_medals": 1
	},
  {
		"country": "SRB",
		"gold": 0,
		"silver": 2,
		"bronce": 0,
		"total_medals": 2
	},
  {
		"country": "PAK",
		"gold": 0,
		"silver": 1,
		"bronce": 0,
		"total_medals": 1
	},
  {
		"country": "LIB",
		"gold": 0,
		"silver": 0,
		"bronce": 2,
		"total_medals": 2
	},
  {
		"country": "LAO",
		"gold": 0,
		"silver": 0,
		"bronce": 1,
		"total_medals": 1
	},
  {
		"country": "NAM",
		"gold": 0,
		"silver": 0,
		"bronce": 1,
		"total_medals": 1
	},
  {
		"country": "SYR",
		"gold": 0,
		"silver": 0,
		"bronce": 1,
		"total_medals": 1
	}],
	"2012": [
	{
		"country": "ITA",
		"gold": 9,
		"silver": 8,
		"bronce": 11,
		"total_medals": 28
	},
  {
		"country": "GBR",
		"gold": 34,
		"silver": 43,
		"bronce": 43,
		"total_medals": 120
	},
  {
		"country": "GER",
		"gold": 18,
		"silver": 26,
		"bronce": 22,
		"total_medals": 66
	},
  {
		"country": "AUT",
		"gold": 4,
		"silver": 3,
		"bronce": 6,
		"total_medals": 13
	},
  {
		"country": "USA",
		"gold": 31,
		"silver": 29,
		"bronce": 38,
		"total_medals": 98
	},
  {
		"country": "NOR",
		"gold": 3,
		"silver": 2,
		"bronce": 3,
		"total_medals": 8
	},
  {
		"country": "AUS",
		"gold": 32,
		"silver": 23,
		"bronce": 30,
		"total_medals": 85
	},
  {
		"country": "NED",
		"gold": 10,
		"silver": 10,
		"bronce": 19,
		"total_medals": 39
	},
  {
		"country": "FRA",
		"gold": 8,
		"silver": 19,
		"bronce": 18,
		"total_medals": 45
	},
  {
		"country": "ARG",
		"gold": 0,
		"silver": 1,
		"bronce": 4,
		"total_medals": 5
	},
  {
		"country": "IRL",
		"gold": 8,
		"silver": 3,
		"bronce": 5,
		"total_medals": 16
	},
  {
		"country": "SUI",
		"gold": 3,
		"silver": 6,
		"bronce": 4,
		"total_medals": 13
	},
  {
		"country": "BEL",
		"gold": 3,
		"silver": 1,
		"bronce": 3,
		"total_medals": 7
	},
  {
		"country": "FIN",
		"gold": 4,
		"silver": 1,
		"bronce": 1,
		"total_medals": 6
	},
  {
		"country": "ISR",
		"gold": 1,
		"silver": 2,
		"bronce": 5,
		"total_medals": 8
	},
  {
		"country": "RSA",
		"gold": 8,
		"silver": 12,
		"bronce": 9,
		"total_medals": 29
	},
  {
		"country": "JPN",
		"gold": 5,
		"silver": 5,
		"bronce": 6,
		"total_medals": 16
	},
  {
		"country": "SWE",
		"gold": 4,
		"silver": 4,
		"bronce": 4,
		"total_medals": 12
	},
  {
		"country": "CAN",
		"gold": 7,
		"silver": 15,
		"bronce": 9,
		"total_medals": 31
	},
  {
		"country": "JAM",
		"gold": 1,
		"silver": 0,
		"bronce": 0,
		"total_medals": 1
	},
  {
		"country": "NZL",
		"gold": 6,
		"silver": 7,
		"bronce": 4,
		"total_medals": 17
	},
  {
		"country": "ESP",
		"gold": 8,
		"silver": 18,
		"bronce": 16,
		"total_medals": 42
	},
  {
		"country": "POL",
		"gold": 14,
		"silver": 13,
		"bronce": 9,
		"total_medals": 36
	},
  {
		"country": "KOR",
		"gold": 9,
		"silver": 9,
		"bronce": 9,
		"total_medals": 27
	},
  {
		"country": "IND",
		"gold": 0,
		"silver": 1,
		"bronce": 0,
		"total_medals": 1
	},
  {
		"country": "KEN",
		"gold": 2,
		"silver": 2,
		"bronce": 2,
		"total_medals": 6
	},
  {
		"country": "HKG",
		"gold": 3,
		"silver": 3,
		"bronce": 6,
		"total_medals": 12
	},
  {
		"country": "HUN",
		"gold": 2,
		"silver": 6,
		"bronce": 6,
		"total_medals": 14
	},
  {
		"country": "MEX",
		"gold": 6,
		"silver": 4,
		"bronce": 11,
		"total_medals": 21
	},
  {
		"country": "EGY",
		"gold": 4,
		"silver": 4,
		"bronce": 7,
		"total_medals": 15
	},
  {
		"country": "DEN",
		"gold": 1,
		"silver": 0,
		"bronce": 4,
		"total_medals": 5
	},
  {
		"country": "INA",
		"gold": 0,
		"silver": 0,
		"bronce": 1,
		"total_medals": 1
	},
  {
		"country": "BRA",
		"gold": 21,
		"silver": 14,
		"bronce": 8,
		"total_medals": 43
	},
  {
		"country": "COL",
		"gold": 0,
		"silver": 2,
		"bronce": 0,
		"total_medals": 2
	},
  {
		"country": "ETH",
		"gold": 0,
		"silver": 1,
		"bronce": 0,
		"total_medals": 1
	},
  {
		"country": "FIJ",
		"gold": 1,
		"silver": 0,
		"bronce": 0,
		"total_medals": 1
	},
  {
		"country": "GRE",
		"gold": 1,
		"silver": 3,
		"bronce": 8,
		"total_medals": 12
	},
  {
		"country": "ISL",
		"gold": 1,
		"silver": 0,
		"bronce": 0,
		"total_medals": 1
	},
  {
		"country": "POR",
		"gold": 0,
		"silver": 1,
		"bronce": 2,
		"total_medals": 3
	},
  {
		"country": "CHN",
		"gold": 95,
		"silver": 71,
		"bronce": 65,
		"total_medals": 231
	},
  {
		"country": "THA",
		"gold": 4,
		"silver": 2,
		"bronce": 2,
		"total_medals": 8
	},
  {
		"country": "VEN",
		"gold": 0,
		"silver": 0,
		"bronce": 2,
		"total_medals": 2
	},
  {
		"country": "RUS",
		"gold": 36,
		"silver": 38,
		"bronce": 28,
		"total_medals": 102
	},
  {
		"country": "IRI",
		"gold": 10,
		"silver": 7,
		"bronce": 7,
		"total_medals": 24
	},
  {
		"country": "BUL",
		"gold": 0,
		"silver": 2,
		"bronce": 1,
		"total_medals": 3
	},
  {
		"country": "TUN",
		"gold": 9,
		"silver": 5,
		"bronce": 5,
		"total_medals": 19
	},
  {
		"country": "MAS",
		"gold": 0,
		"silver": 1,
		"bronce": 1,
		"total_medals": 2
	},
  {
		"country": "MAR",
		"gold": 3,
		"silver": 0,
		"bronce": 3,
		"total_medals": 6
	},
  {
		"country": "CYP",
		"gold": 0,
		"silver": 1,
		"bronce": 0,
		"total_medals": 1
	},
  {
		"country": "SIN",
		"gold": 0,
		"silver": 1,
		"bronce": 1,
		"total_medals": 2
	},
  {
		"country": "ROU",
		"gold": 1,
		"silver": 1,
		"bronce": 0,
		"total_medals": 2
	},
  {
		"country": "CUB",
		"gold": 9,
		"silver": 5,
		"bronce": 3,
		"total_medals": 17
	},
  {
		"country": "NGR",
		"gold": 6,
		"silver": 5,
		"bronce": 2,
		"total_medals": 13
	},
  {
		"country": "SLO",
		"gold": 0,
		"silver": 1,
		"bronce": 0,
		"total_medals": 1
	},
  {
		"country": "CHI",
		"gold": 1,
		"silver": 0,
		"bronce": 0,
		"total_medals": 1
	},
  {
		"country": "TPE",
		"gold": 0,
		"silver": 1,
		"bronce": 2,
		"total_medals": 3
	},
  {
		"country": "TWN",
		"gold": 0,
		"silver": 1,
		"bronce": 2,
		"total_medals": 3
	},
  {
		"country": "CRO",
		"gold": 0,
		"silver": 2,
		"bronce": 3,
		"total_medals": 5
	},
  {
		"country": "IRQ",
		"gold": 0,
		"silver": 2,
		"bronce": 1,
		"total_medals": 3
	},
  {
		"country": "BLR",
		"gold": 5,
		"silver": 2,
		"bronce": 3,
		"total_medals": 10
	},
  {
		"country": "CZE",
		"gold": 1,
		"silver": 6,
		"bronce": 4,
		"total_medals": 11
	},
  {
		"country": "SVK",
		"gold": 2,
		"silver": 1,
		"bronce": 3,
		"total_medals": 6
	},
  {
		"country": "ALG",
		"gold": 4,
		"silver": 6,
		"bronce": 9,
		"total_medals": 19
	},
  {
		"country": "UKR",
		"gold": 32,
		"silver": 24,
		"bronce": 28,
		"total_medals": 84
	},
  {
		"country": "UAE",
		"gold": 1,
		"silver": 1,
		"bronce": 1,
		"total_medals": 3
	},
  {
		"country": "AZE",
		"gold": 4,
		"silver": 5,
		"bronce": 3,
		"total_medals": 12
	},
  {
		"country": "BIH",
		"gold": 1,
		"silver": 0,
		"bronce": 0,
		"total_medals": 1
	},
  {
		"country": "LAT",
		"gold": 1,
		"silver": 1,
		"bronce": 0,
		"total_medals": 2
	},
  {
		"country": "ANG",
		"gold": 1,
		"silver": 0,
		"bronce": 1,
		"total_medals": 2
	},
  {
		"country": "TUR",
		"gold": 1,
		"silver": 5,
		"bronce": 4,
		"total_medals": 10
	},
  {
		"country": "MKD",
		"gold": 1,
		"silver": 0,
		"bronce": 0,
		"total_medals": 1
	},
  {
		"country": "KSA",
		"gold": 0,
		"silver": 1,
		"bronce": 0,
		"total_medals": 1
	},
  {
		"country": "SRB",
		"gold": 2,
		"silver": 3,
		"bronce": 0,
		"total_medals": 5
	},
  {
		"country": "NAM",
		"gold": 1,
		"silver": 1,
		"bronce": 0,
		"total_medals": 2
	},
  {
		"country": "UZB",
		"gold": 0,
		"silver": 1,
		"bronce": 0,
		"total_medals": 1
	},
  {
		"country": "SRI",
		"gold": 0,
		"silver": 0,
		"bronce": 1,
		"total_medals": 1
	}],
	"2016": [
	{
		"country": "ITA",
		"gold": 10,
		"silver": 14,
		"bronce": 15,
		"total_medals": 39
	},
  {
		"country": "GBR",
		"gold": 64,
		"silver": 39,
		"bronce": 44,
		"total_medals": 147
	},
  {
		"country": "GER",
		"gold": 18,
		"silver": 25,
		"bronce": 14,
		"total_medals": 57
	},
  {
		"country": "AUT",
		"gold": 1,
		"silver": 4,
		"bronce": 4,
		"total_medals": 9
	},
  {
		"country": "USA",
		"gold": 40,
		"silver": 44,
		"bronce": 31,
		"total_medals": 115
	},
  {
		"country": "NOR",
		"gold": 3,
		"silver": 2,
		"bronce": 3,
		"total_medals": 8
	},
  {
		"country": "AUS",
		"gold": 22,
		"silver": 30,
		"bronce": 29,
		"total_medals": 81
	},
  {
		"country": "NED",
		"gold": 17,
		"silver": 19,
		"bronce": 26,
		"total_medals": 62
	},
  {
		"country": "FRA",
		"gold": 9,
		"silver": 5,
		"bronce": 14,
		"total_medals": 28
	},
  {
		"country": "ARG",
		"gold": 1,
		"silver": 1,
		"bronce": 3,
		"total_medals": 5
	},
  {
		"country": "IRL",
		"gold": 4,
		"silver": 4,
		"bronce": 3,
		"total_medals": 11
	},
  {
		"country": "SUI",
		"gold": 2,
		"silver": 2,
		"bronce": 1,
		"total_medals": 5
	},
  {
		"country": "BEL",
		"gold": 5,
		"silver": 3,
		"bronce": 3,
		"total_medals": 11
	},
  {
		"country": "FIN",
		"gold": 1,
		"silver": 1,
		"bronce": 1,
		"total_medals": 3
	},
  {
		"country": "ISR",
		"gold": 0,
		"silver": 0,
		"bronce": 3,
		"total_medals": 3
	},
  {
		"country": "RSA",
		"gold": 7,
		"silver": 6,
		"bronce": 4,
		"total_medals": 17
	},
  {
		"country": "JPN",
		"gold": 0,
		"silver": 10,
		"bronce": 14,
		"total_medals": 24
	},
  {
		"country": "SWE",
		"gold": 1,
		"silver": 4,
		"bronce": 5,
		"total_medals": 10
	},
  {
		"country": "CAN",
		"gold": 8,
		"silver": 10,
		"bronce": 11,
		"total_medals": 29
	},
  {
		"country": "NZL",
		"gold": 9,
		"silver": 5,
		"bronce": 7,
		"total_medals": 21
	},
  {
		"country": "ESP",
		"gold": 9,
		"silver": 14,
		"bronce": 8,
		"total_medals": 31
	},
  {
		"country": "POL",
		"gold": 9,
		"silver": 18,
		"bronce": 12,
		"total_medals": 39
	},
  {
		"country": "KOR",
		"gold": 7,
		"silver": 11,
		"bronce": 17,
		"total_medals": 35
	},
  {
		"country": "IND",
		"gold": 2,
		"silver": 1,
		"bronce": 1,
		"total_medals": 4
	},
  {
		"country": "KEN",
		"gold": 3,
		"silver": 1,
		"bronce": 2,
		"total_medals": 6
	},
  {
		"country": "HKG",
		"gold": 2,
		"silver": 2,
		"bronce": 2,
		"total_medals": 6
	},
  {
		"country": "HUN",
		"gold": 1,
		"silver": 8,
		"bronce": 9,
		"total_medals": 18
	},
  {
		"country": "MEX",
		"gold": 4,
		"silver": 2,
		"bronce": 9,
		"total_medals": 15
	},
  {
		"country": "EGY",
		"gold": 3,
		"silver": 5,
		"bronce": 4,
		"total_medals": 12
	},
  {
		"country": "DEN",
		"gold": 1,
		"silver": 2,
		"bronce": 4,
		"total_medals": 7
	},
  {
		"country": "INA",
		"gold": 0,
		"silver": 0,
		"bronce": 1,
		"total_medals": 1
	},
  {
		"country": "BRA",
		"gold": 14,
		"silver": 29,
		"bronce": 29,
		"total_medals": 72
	},
  {
		"country": "COL",
		"gold": 2,
		"silver": 5,
		"bronce": 10,
		"total_medals": 17
	},
  {
		"country": "ETH",
		"gold": 0,
		"silver": 1,
		"bronce": 0,
		"total_medals": 1
	},
  {
		"country": "GRE",
		"gold": 5,
		"silver": 4,
		"bronce": 4,
		"total_medals": 13
	},
  {
		"country": "UGA",
		"gold": 0,
		"silver": 1,
		"bronce": 0,
		"total_medals": 1
	},
  {
		"country": "KUW",
		"gold": 1,
		"silver": 0,
		"bronce": 0,
		"total_medals": 1
	},
  {
		"country": "POR",
		"gold": 0,
		"silver": 0,
		"bronce": 4,
		"total_medals": 4
	},
  {
		"country": "CHN",
		"gold": 107,
		"silver": 81,
		"bronce": 51,
		"total_medals": 239
	},
  {
		"country": "TTO",
		"gold": 1,
		"silver": 1,
		"bronce": 1,
		"total_medals": 3
	},
  {
		"country": "JOR",
		"gold": 0,
		"silver": 2,
		"bronce": 1,
		"total_medals": 3
	},
  {
		"country": "BRN",
		"gold": 1,
		"silver": 0,
		"bronce": 0,
		"total_medals": 1
	},
  {
		"country": "THA",
		"gold": 6,
		"silver": 6,
		"bronce": 6,
		"total_medals": 18
	},
  {
		"country": "VEN",
		"gold": 0,
		"silver": 3,
		"bronce": 3,
		"total_medals": 6
	},
  {
		"country": "IRI",
		"gold": 8,
		"silver": 9,
		"bronce": 7,
		"total_medals": 24
	},
  {
		"country": "BUL",
		"gold": 1,
		"silver": 0,
		"bronce": 0,
		"total_medals": 1
	},
  {
		"country": "TUN",
		"gold": 7,
		"silver": 6,
		"bronce": 6,
		"total_medals": 19
	},
  {
		"country": "MAS",
		"gold": 3,
		"silver": 0,
		"bronce": 1,
		"total_medals": 4
	},
  {
		"country": "MAR",
		"gold": 3,
		"silver": 2,
		"bronce": 2,
		"total_medals": 7
	},
  {
		"country": "PHI",
		"gold": 0,
		"silver": 0,
		"bronce": 1,
		"total_medals": 1
	},
  {
		"country": "SIN",
		"gold": 2,
		"silver": 0,
		"bronce": 1,
		"total_medals": 3
	},
  {
		"country": "ROU",
		"gold": 0,
		"silver": 0,
		"bronce": 1,
		"total_medals": 1
	},
  {
		"country": "CUB",
		"gold": 8,
		"silver": 1,
		"bronce": 6,
		"total_medals": 15
	},
  {
		"country": "NGR",
		"gold": 8,
		"silver": 2,
		"bronce": 2,
		"total_medals": 12
	},
  {
		"country": "SLO",
		"gold": 1,
		"silver": 1,
		"bronce": 0,
		"total_medals": 2
	},
  {
		"country": "LTU",
		"gold": 2,
		"silver": 1,
		"bronce": 0,
		"total_medals": 3
	},
  {
		"country": "TPE",
		"gold": 0,
		"silver": 1,
		"bronce": 1,
		"total_medals": 2
	},
  {
		"country": "TWN",
		"gold": 0,
		"silver": 1,
		"bronce": 1,
		"total_medals": 2
	},
  {
		"country": "CRO",
		"gold": 2,
		"silver": 2,
		"bronce": 1,
		"total_medals": 5
	},
  {
		"country": "IRQ",
		"gold": 2,
		"silver": 3,
		"bronce": 0,
		"total_medals": 5
	},
  {
		"country": "BLR",
		"gold": 8,
		"silver": 0,
		"bronce": 2,
		"total_medals": 10
	},
  {
		"country": "CZE",
		"gold": 1,
		"silver": 2,
		"bronce": 4,
		"total_medals": 7
	},
  {
		"country": "SVK",
		"gold": 5,
		"silver": 3,
		"bronce": 3,
		"total_medals": 11
	},
  {
		"country": "ALG",
		"gold": 4,
		"silver": 5,
		"bronce": 7,
		"total_medals": 16
	},
  {
		"country": "CIV",
		"gold": 0,
		"silver": 1,
		"bronce": 0,
		"total_medals": 1
	},
  {
		"country": "UKR",
		"gold": 41,
		"silver": 37,
		"bronce": 39,
		"total_medals": 117
	},
  {
		"country": "UAE",
		"gold": 2,
		"silver": 4,
		"bronce": 1,
		"total_medals": 7
	},
  {
		"country": "AZE",
		"gold": 1,
		"silver": 8,
		"bronce": 2,
		"total_medals": 11
	},
  {
		"country": "BIH",
		"gold": 0,
		"silver": 1,
		"bronce": 0,
		"total_medals": 1
	},
  {
		"country": "LAT",
		"gold": 2,
		"silver": 0,
		"bronce": 2,
		"total_medals": 4
	},
  {
		"country": "TUR",
		"gold": 3,
		"silver": 1,
		"bronce": 5,
		"total_medals": 9
	},
  {
		"country": "KSA",
		"gold": 0,
		"silver": 0,
		"bronce": 1,
		"total_medals": 1
	},
  {
		"country": "MGL",
		"gold": 0,
		"silver": 0,
		"bronce": 2,
		"total_medals": 2
	},
  {
		"country": "SRB",
		"gold": 3,
		"silver": 2,
		"bronce": 4,
		"total_medals": 9
	},
  {
		"country": "PAK",
		"gold": 0,
		"silver": 0,
		"bronce": 1,
		"total_medals": 1
	},
  {
		"country": "NAM",
		"gold": 1,
		"silver": 2,
		"bronce": 2,
		"total_medals": 5
	},
  {
		"country": "UZB",
		"gold": 8,
		"silver": 6,
		"bronce": 17,
		"total_medals": 31
	},
  {
		"country": "SRI",
		"gold": 0,
		"silver": 0,
		"bronce": 1,
		"total_medals": 1
	},
  {
		"country": "VIE",
		"gold": 1,
		"silver": 1,
		"bronce": 2,
		"total_medals": 4
	},
  {
		"country": "KAZ",
		"gold": 1,
		"silver": 1,
		"bronce": 0,
		"total_medals": 2
	},
  {
		"country": "GEO",
		"gold": 1,
		"silver": 0,
		"bronce": 0,
		"total_medals": 1
	},
  {
		"country": "QAT",
		"gold": 0,
		"silver": 2,
		"bronce": 0,
		"total_medals": 2
	},
  {
		"country": "CPV",
		"gold": 0,
		"silver": 0,
		"bronce": 1,
		"total_medals": 1
	},
  {
		"country": "MOZ",
		"gold": 0,
		"silver": 0,
		"bronce": 1,
		"total_medals": 1
	}]
}