[
  {
    "date": "2021-01-03",
    "data": {
      "Albania": 0,
      "Argentina": 0,
      "Austria": 0,
      "Belgium": 0,
      "Bermuda": 0,
      "Brazil": 0,
      "Bulgaria": 0,
      "Canada": 0,
      "Cayman Islands": 0,
      "Chile": 0,
      "Costa Rica": 0,
      "Croatia": 0,
      "Cyprus": 0,
      "Czechia": 0,
      "Denmark": 0,
      "Ecuador": 0,
      "Estonia": 0,
      "European Union": 0,
      "Faeroe Islands": 0,
      "Finland": 0,
      "France": 0,
      "Germany": 0,
      "Gibraltar": 0,
      "Greece": 0,
      "Guernsey": 0,
      "Hungary": 0,
      "Iceland": 0,
      "India": 0,
      "Indonesia": 0,
      "Ireland": 0,
      "Isle of Man": 0,
      "Israel": 0,
      "Italy": 0,
      "Jersey": 0,
      "Jordan": 0,
      "Kazakhstan": 0,
      "Kuwait": 0,
      "Latvia": 0,
      "Lithuania": 0,
      "Luxembourg": 0,
      "Malta": 0,
      "Mexico": 0,
      "Morocco": 0,
      "Norway": 0,
      "Oman": 0,
      "Poland": 0,
      "Portugal": 0,
      "Romania": 0,
      "Russia": 0,
      "Serbia": 0,
      "Seychelles": 0,
      "Singapore": 0,
      "Slovakia": 0,
      "Slovenia": 0,
      "South Africa": 0,
      "Spain": 0,
      "Sweden": 0,
      "Switzerland": 0,
      "Turkey": 0,
      "United Arab Emirates": 0,
      "United Kingdom": 0.03,
      "United States": 0,
      "World": 0.0
    }
  },
  {
    "date": "2021-01-04",
    "data": {
      "Albania": 0,
      "Argentina": 0,
      "Austria": 0,
      "Belgium": 0,
      "Bermuda": 0,
      "Brazil": 0,
      "Bulgaria": 0,
      "Canada": 0,
      "Cayman Islands": 0,
      "Chile": 0,
      "Costa Rica": 0,
      "Croatia": 0,
      "Cyprus": 0,
      "Czechia": 0,
      "Denmark": 0,
      "Ecuador": 0,
      "Estonia": 0,
      "European Union": 0,
      "Faeroe Islands": 0,
      "Finland": 0,
      "France": 0,
      "Germany": 0,
      "Gibraltar": 0,
      "Greece": 0,
      "Guernsey": 0,
      "Hungary": 0,
      "Iceland": 0,
      "India": 0,
      "Indonesia": 0,
      "Ireland": 0,
      "Isle of Man": 0,
      "Israel": 0.0,
      "Italy": 0,
      "Jersey": 0,
      "Jordan": 0,
      "Kazakhstan": 0,
      "Kuwait": 0,
      "Latvia": 0,
      "Lithuania": 0,
      "Luxembourg": 0,
      "Malta": 0,
      "Mexico": 0,
      "Morocco": 0,
      "Norway": 0,
      "Oman": 0,
      "Poland": 0,
      "Portugal": 0,
      "Romania": 0,
      "Russia": 0,
      "Serbia": 0,
      "Seychelles": 0,
      "Singapore": 0,
      "Slovakia": 0,
      "Slovenia": 0,
      "South Africa": 0,
      "Spain": 0,
      "Sweden": 0,
      "Switzerland": 0,
      "Turkey": 0,
      "United Arab Emirates": 0,
      "United Kingdom": 0.03,
      "United States": 0,
      "World": 0.0
    }
  },
  {
    "date": "2021-01-05",
    "data": {
      "Albania": 0,
      "Argentina": 0,
      "Austria": 0,
      "Belgium": 0,
      "Bermuda": 0,
      "Brazil": 0,
      "Bulgaria": 0,
      "Canada": 0,
      "Cayman Islands": 0,
      "Chile": 0,
      "Costa Rica": 0,
      "Croatia": 0,
      "Cyprus": 0,
      "Czechia": 0,
      "Denmark": 0,
      "Ecuador": 0,
      "Estonia": 0,
      "European Union": 0,
      "Faeroe Islands": 0,
      "Finland": 0,
      "France": 0,
      "Germany": 0,
      "Gibraltar": 0,
      "Greece": 0,
      "Guernsey": 0,
      "Hungary": 0,
      "Iceland": 0,
      "India": 0,
      "Indonesia": 0,
      "Ireland": 0,
      "Isle of Man": 0,
      "Israel": 0.0,
      "Italy": 0,
      "Jersey": 0,
      "Jordan": 0,
      "Kazakhstan": 0,
      "Kuwait": 0,
      "Latvia": 0,
      "Lithuania": 0,
      "Luxembourg": 0,
      "Malta": 0,
      "Mexico": 0,
      "Morocco": 0,
      "Norway": 0,
      "Oman": 0,
      "Poland": 0,
      "Portugal": 0,
      "Romania": 0,
      "Russia": 0,
      "Serbia": 0,
      "Seychelles": 0,
      "Singapore": 0,
      "Slovakia": 0,
      "Slovenia": 0,
      "South Africa": 0,
      "Spain": 0,
      "Sweden": 0,
      "Switzerland": 0,
      "Turkey": 0,
      "United Arab Emirates": 0,
      "United Kingdom": 0.03,
      "United States": 0,
      "World": 0.0
    }
  },
  {
    "date": "2021-01-06",
    "data": {
      "Albania": 0,
      "Argentina": 0,
      "Austria": 0,
      "Belgium": 0,
      "Bermuda": 0,
      "Brazil": 0,
      "Bulgaria": 0,
      "Canada": 0,
      "Cayman Islands": 0,
      "Chile": 0,
      "Costa Rica": 0,
      "Croatia": 0,
      "Cyprus": 0,
      "Czechia": 0,
      "Denmark": 0,
      "Ecuador": 0,
      "Estonia": 0,
      "European Union": 0,
      "Faeroe Islands": 0,
      "Finland": 0,
      "France": 0,
      "Germany": 0,
      "Gibraltar": 0,
      "Greece": 0,
      "Guernsey": 0,
      "Hungary": 0,
      "Iceland": 0,
      "India": 0,
      "Indonesia": 0,
      "Ireland": 0,
      "Isle of Man": 0,
      "Israel": 0.0,
      "Italy": 0,
      "Jersey": 0,
      "Jordan": 0,
      "Kazakhstan": 0,
      "Kuwait": 0,
      "Latvia": 0,
      "Lithuania": 0,
      "Luxembourg": 0,
      "Malta": 0,
      "Mexico": 0,
      "Morocco": 0,
      "Norway": 0,
      "Oman": 0,
      "Poland": 0,
      "Portugal": 0,
      "Romania": 0,
      "Russia": 0,
      "Serbia": 0,
      "Seychelles": 0,
      "Singapore": 0,
      "Slovakia": 0,
      "Slovenia": 0,
      "South Africa": 0,
      "Spain": 0,
      "Sweden": 0,
      "Switzerland": 0,
      "Turkey": 0,
      "United Arab Emirates": 0,
      "United Kingdom": 0.03,
      "United States": 0,
      "World": 0.0
    }
  },
  {
    "date": "2021-01-07",
    "data": {
      "Albania": 0,
      "Argentina": 0,
      "Austria": 0,
      "Belgium": 0,
      "Bermuda": 0,
      "Brazil": 0,
      "Bulgaria": 0,
      "Canada": 0.01,
      "Cayman Islands": 0,
      "Chile": 0,
      "Costa Rica": 0,
      "Croatia": 0,
      "Cyprus": 0,
      "Czechia": 0,
      "Denmark": 0,
      "Ecuador": 0,
      "Estonia": 0,
      "European Union": 0,
      "Faeroe Islands": 0,
      "Finland": 0,
      "France": 0,
      "Germany": 0,
      "Gibraltar": 0,
      "Greece": 0,
      "Guernsey": 0,
      "Hungary": 0,
      "Iceland": 0,
      "India": 0,
      "Indonesia": 0,
      "Ireland": 0,
      "Isle of Man": 0,
      "Israel": 0.0,
      "Italy": 0,
      "Jersey": 0,
      "Jordan": 0,
      "Kazakhstan": 0,
      "Kuwait": 0,
      "Latvia": 0,
      "Lithuania": 0,
      "Luxembourg": 0,
      "Malta": 0,
      "Mexico": 0,
      "Morocco": 0,
      "Norway": 0,
      "Oman": 0,
      "Poland": 0,
      "Portugal": 0,
      "Romania": 0,
      "Russia": 0,
      "Serbia": 0,
      "Seychelles": 0,
      "Singapore": 0,
      "Slovakia": 0,
      "Slovenia": 0,
      "South Africa": 0,
      "Spain": 0,
      "Sweden": 0,
      "Switzerland": 0,
      "Turkey": 0,
      "United Arab Emirates": 0,
      "United Kingdom": 0.03,
      "United States": 0,
      "World": 0.0
    }
  },
  {
    "date": "2021-01-08",
    "data": {
      "Albania": 0,
      "Argentina": 0,
      "Austria": 0,
      "Belgium": 0,
      "Bermuda": 0,
      "Brazil": 0,
      "Bulgaria": 0,
      "Canada": 0.01,
      "Cayman Islands": 0,
      "Chile": 0,
      "Costa Rica": 0,
      "Croatia": 0,
      "Cyprus": 0,
      "Czechia": 0,
      "Denmark": 0,
      "Ecuador": 0,
      "Estonia": 0,
      "European Union": 0,
      "Faeroe Islands": 0,
      "Finland": 0,
      "France": 0,
      "Germany": 0,
      "Gibraltar": 0,
      "Greece": 0,
      "Guernsey": 0,
      "Hungary": 0,
      "Iceland": 0,
      "India": 0,
      "Indonesia": 0,
      "Ireland": 0,
      "Isle of Man": 0,
      "Israel": 0.0,
      "Italy": 0,
      "Jersey": 0,
      "Jordan": 0,
      "Kazakhstan": 0,
      "Kuwait": 0,
      "Latvia": 0,
      "Lithuania": 0,
      "Luxembourg": 0,
      "Malta": 0,
      "Mexico": 0,
      "Morocco": 0,
      "Norway": 0,
      "Oman": 0,
      "Poland": 0,
      "Portugal": 0,
      "Romania": 0,
      "Russia": 0,
      "Serbia": 0,
      "Seychelles": 0,
      "Singapore": 0,
      "Slovakia": 0,
      "Slovenia": 0,
      "South Africa": 0,
      "Spain": 0,
      "Sweden": 0,
      "Switzerland": 0,
      "Turkey": 0,
      "United Arab Emirates": 0,
      "United Kingdom": 0.03,
      "United States": 0,
      "World": 0.0
    }
  },
  {
    "date": "2021-01-09",
    "data": {
      "Albania": 0,
      "Argentina": 0,
      "Austria": 0,
      "Belgium": 0,
      "Bermuda": 0,
      "Brazil": 0,
      "Bulgaria": 0,
      "Canada": 0.02,
      "Cayman Islands": 0,
      "Chile": 0,
      "Costa Rica": 0,
      "Croatia": 0,
      "Cyprus": 0,
      "Czechia": 0,
      "Denmark": 0,
      "Ecuador": 0,
      "Estonia": 0,
      "European Union": 0,
      "Faeroe Islands": 0,
      "Finland": 0,
      "France": 0,
      "Germany": 0,
      "Gibraltar": 0,
      "Greece": 0,
      "Guernsey": 0,
      "Hungary": 0,
      "Iceland": 0,
      "India": 0,
      "Indonesia": 0,
      "Ireland": 0,
      "Isle of Man": 0,
      "Israel": 0.0,
      "Italy": 0,
      "Jersey": 0,
      "Jordan": 0,
      "Kazakhstan": 0,
      "Kuwait": 0,
      "Latvia": 0,
      "Lithuania": 0,
      "Luxembourg": 0,
      "Malta": 0,
      "Mexico": 0,
      "Morocco": 0,
      "Norway": 0,
      "Oman": 0,
      "Poland": 0,
      "Portugal": 0,
      "Romania": 0,
      "Russia": 0,
      "Serbia": 0,
      "Seychelles": 0,
      "Singapore": 0,
      "Slovakia": 0,
      "Slovenia": 0,
      "South Africa": 0,
      "Spain": 0,
      "Sweden": 0,
      "Switzerland": 0,
      "Turkey": 0,
      "United Arab Emirates": 0,
      "United Kingdom": 0.03,
      "United States": 0,
      "World": 0.0
    }
  },
  {
    "date": "2021-01-10",
    "data": {
      "Albania": 0,
      "Argentina": 0,
      "Austria": 0,
      "Belgium": 0,
      "Bermuda": 0,
      "Brazil": 0,
      "Bulgaria": 0,
      "Canada": 0.02,
      "Cayman Islands": 0,
      "Chile": 0,
      "Costa Rica": 0,
      "Croatia": 0,
      "Cyprus": 0,
      "Czechia": 0,
      "Denmark": 0,
      "Ecuador": 0,
      "Estonia": 0,
      "European Union": 0,
      "Faeroe Islands": 0,
      "Finland": 0,
      "France": 0,
      "Germany": 0,
      "Gibraltar": 0,
      "Greece": 0,
      "Guernsey": 0,
      "Hungary": 0,
      "Iceland": 0,
      "India": 0,
      "Indonesia": 0,
      "Ireland": 0,
      "Isle of Man": 0,
      "Israel": 0.07,
      "Italy": 0,
      "Jersey": 0,
      "Jordan": 0,
      "Kazakhstan": 0,
      "Kuwait": 0,
      "Latvia": 0,
      "Lithuania": 0,
      "Luxembourg": 0,
      "Malta": 0,
      "Mexico": 0,
      "Morocco": 0,
      "Norway": 0,
      "Oman": 0,
      "Poland": 0,
      "Portugal": 0,
      "Romania": 0,
      "Russia": 0,
      "Serbia": 0,
      "Seychelles": 0,
      "Singapore": 0,
      "Slovakia": 0,
      "Slovenia": 0,
      "South Africa": 0,
      "Spain": 0,
      "Sweden": 0,
      "Switzerland": 0,
      "Turkey": 0,
      "United Arab Emirates": 2.53,
      "United Kingdom": 0.58,
      "United States": 0,
      "World": 0.01
    }
  },
  {
    "date": "2021-01-11",
    "data": {
      "Albania": 0,
      "Argentina": 0,
      "Austria": 0,
      "Belgium": 0,
      "Bermuda": 0,
      "Brazil": 0,
      "Bulgaria": 0,
      "Canada": 0.02,
      "Cayman Islands": 0,
      "Chile": 0,
      "Costa Rica": 0,
      "Croatia": 0,
      "Cyprus": 0,
      "Czechia": 0,
      "Denmark": 0,
      "Ecuador": 0,
      "Estonia": 0,
      "European Union": 0,
      "Faeroe Islands": 0,
      "Finland": 0,
      "France": 0,
      "Germany": 0,
      "Gibraltar": 0,
      "Greece": 0,
      "Guernsey": 0,
      "Hungary": 0,
      "Iceland": 0,
      "India": 0,
      "Indonesia": 0,
      "Ireland": 0,
      "Isle of Man": 0,
      "Israel": 0.29,
      "Italy": 0,
      "Jersey": 0,
      "Jordan": 0,
      "Kazakhstan": 0,
      "Kuwait": 0,
      "Latvia": 0,
      "Lithuania": 0,
      "Luxembourg": 0,
      "Malta": 0,
      "Mexico": 0,
      "Morocco": 0,
      "Norway": 0,
      "Oman": 0,
      "Poland": 0,
      "Portugal": 0,
      "Romania": 0,
      "Russia": 0,
      "Serbia": 0,
      "Seychelles": 0,
      "Singapore": 0,
      "Slovakia": 0,
      "Slovenia": 0,
      "South Africa": 0,
      "Spain": 0,
      "Sweden": 0,
      "Switzerland": 0,
      "Turkey": 0,
      "United Arab Emirates": 2.53,
      "United Kingdom": 0.61,
      "United States": 0,
      "World": 0.01
    }
  },
  {
    "date": "2021-01-12",
    "data": {
      "Albania": 0,
      "Argentina": 0,
      "Austria": 0,
      "Belgium": 0,
      "Bermuda": 0,
      "Brazil": 0,
      "Bulgaria": 0,
      "Canada": 0.02,
      "Cayman Islands": 0,
      "Chile": 0,
      "Costa Rica": 0,
      "Croatia": 0,
      "Cyprus": 0,
      "Czechia": 0,
      "Denmark": 0,
      "Ecuador": 0,
      "Estonia": 0,
      "European Union": 0,
      "Faeroe Islands": 0,
      "Finland": 0,
      "France": 0,
      "Germany": 0,
      "Gibraltar": 0,
      "Greece": 0,
      "Guernsey": 0,
      "Hungary": 0,
      "Iceland": 0,
      "India": 0,
      "Indonesia": 0,
      "Ireland": 0,
      "Isle of Man": 0,
      "Israel": 0.7,
      "Italy": 0,
      "Jersey": 0,
      "Jordan": 0,
      "Kazakhstan": 0,
      "Kuwait": 0,
      "Latvia": 0,
      "Lithuania": 0,
      "Luxembourg": 0,
      "Malta": 0,
      "Mexico": 0,
      "Morocco": 0,
      "Norway": 0,
      "Oman": 0,
      "Poland": 0,
      "Portugal": 0,
      "Romania": 0,
      "Russia": 0,
      "Serbia": 0,
      "Seychelles": 0,
      "Singapore": 0,
      "Slovakia": 0,
      "Slovenia": 0,
      "South Africa": 0,
      "Spain": 0,
      "Sweden": 0,
      "Switzerland": 0,
      "Turkey": 0,
      "United Arab Emirates": 2.53,
      "United Kingdom": 0.63,
      "United States": 0,
      "World": 0.01
    }
  },
  {
    "date": "2021-01-13",
    "data": {
      "Albania": 0,
      "Argentina": 0,
      "Austria": 0,
      "Belgium": 0,
      "Bermuda": 0,
      "Brazil": 0,
      "Bulgaria": 0,
      "Canada": 0.04,
      "Cayman Islands": 0,
      "Chile": 0.01,
      "Costa Rica": 0,
      "Croatia": 0,
      "Cyprus": 0,
      "Czechia": 0,
      "Denmark": 0,
      "Ecuador": 0,
      "Estonia": 0,
      "European Union": 0,
      "Faeroe Islands": 0,
      "Finland": 0,
      "France": 0,
      "Germany": 0,
      "Gibraltar": 0,
      "Greece": 0,
      "Guernsey": 0,
      "Hungary": 0,
      "Iceland": 0,
      "India": 0,
      "Indonesia": 0,
      "Ireland": 0,
      "Isle of Man": 0,
      "Israel": 1.36,
      "Italy": 0,
      "Jersey": 0,
      "Jordan": 0,
      "Kazakhstan": 0,
      "Kuwait": 0,
      "Latvia": 0,
      "Lithuania": 0,
      "Luxembourg": 0,
      "Malta": 0,
      "Mexico": 0,
      "Morocco": 0,
      "Norway": 0,
      "Oman": 0,
      "Poland": 0,
      "Portugal": 0,
      "Romania": 0,
      "Russia": 0,
      "Serbia": 0,
      "Seychelles": 0,
      "Singapore": 0,
      "Slovakia": 0,
      "Slovenia": 0,
      "South Africa": 0,
      "Spain": 0,
      "Sweden": 0,
      "Switzerland": 0,
      "Turkey": 0,
      "United Arab Emirates": 2.53,
      "United Kingdom": 0.65,
      "United States": 0,
      "World": 0.01
    }
  },
  {
    "date": "2021-01-14",
    "data": {
      "Albania": 0,
      "Argentina": 0,
      "Austria": 0,
      "Belgium": 0,
      "Bermuda": 0,
      "Brazil": 0,
      "Bulgaria": 0,
      "Canada": 0.06,
      "Cayman Islands": 0,
      "Chile": 0.03,
      "Costa Rica": 0,
      "Croatia": 0,
      "Cyprus": 0,
      "Czechia": 0,
      "Denmark": 0,
      "Ecuador": 0,
      "Estonia": 0,
      "European Union": 0.0,
      "Faeroe Islands": 0,
      "Finland": 0,
      "France": 0,
      "Germany": 0.0,
      "Gibraltar": 0,
      "Greece": 0,
      "Guernsey": 0,
      "Hungary": 0,
      "Iceland": 0,
      "India": 0,
      "Indonesia": 0,
      "Ireland": 0,
      "Isle of Man": 0,
      "Israel": 2.16,
      "Italy": 0,
      "Jersey": 0,
      "Jordan": 0,
      "Kazakhstan": 0,
      "Kuwait": 0,
      "Latvia": 0,
      "Lithuania": 0,
      "Luxembourg": 0,
      "Malta": 0,
      "Mexico": 0,
      "Morocco": 0,
      "Norway": 0,
      "Oman": 0,
      "Poland": 0,
      "Portugal": 0,
      "Romania": 0,
      "Russia": 0,
      "Serbia": 0,
      "Seychelles": 0,
      "Singapore": 0,
      "Slovakia": 0,
      "Slovenia": 0,
      "South Africa": 0,
      "Spain": 0,
      "Sweden": 0,
      "Switzerland": 0,
      "Turkey": 0,
      "United Arab Emirates": 2.53,
      "United Kingdom": 0.65,
      "United States": 0.4,
      "World": 0.03
    }
  },
  {
    "date": "2021-01-15",
    "data": {
      "Albania": 0,
      "Argentina": 0,
      "Austria": 0,
      "Belgium": 0,
      "Bermuda": 0,
      "Brazil": 0,
      "Bulgaria": 0,
      "Canada": 0.07,
      "Cayman Islands": 0,
      "Chile": 0.04,
      "Costa Rica": 0.0,
      "Croatia": 0,
      "Cyprus": 0,
      "Czechia": 0,
      "Denmark": 0.0,
      "Ecuador": 0,
      "Estonia": 0,
      "European Union": 0.0,
      "Faeroe Islands": 0,
      "Finland": 0,
      "France": 0,
      "Germany": 0.0,
      "Gibraltar": 0,
      "Greece": 0,
      "Guernsey": 0,
      "Hungary": 0,
      "Iceland": 0,
      "India": 0,
      "Indonesia": 0,
      "Ireland": 0,
      "Isle of Man": 0,
      "Israel": 2.57,
      "Italy": 0,
      "Jersey": 0,
      "Jordan": 0,
      "Kazakhstan": 0,
      "Kuwait": 0,
      "Latvia": 0,
      "Lithuania": 0,
      "Luxembourg": 0,
      "Malta": 0,
      "Mexico": 0.0,
      "Morocco": 0,
      "Norway": 0,
      "Oman": 0,
      "Poland": 0,
      "Portugal": 0,
      "Romania": 0,
      "Russia": 0,
      "Serbia": 0,
      "Seychelles": 0,
      "Singapore": 0,
      "Slovakia": 0,
      "Slovenia": 0,
      "South Africa": 0,
      "Spain": 0,
      "Sweden": 0,
      "Switzerland": 0,
      "Turkey": 0,
      "United Arab Emirates": 2.53,
      "United Kingdom": 0.66,
      "United States": 0.48,
      "World": 0.03
    }
  },
  {
    "date": "2021-01-16",
    "data": {
      "Albania": 0,
      "Argentina": 0,
      "Austria": 0,
      "Belgium": 0,
      "Bermuda": 0,
      "Brazil": 0,
      "Bulgaria": 0,
      "Canada": 0.08,
      "Cayman Islands": 0,
      "Chile": 0.04,
      "Costa Rica": 0.0,
      "Croatia": 0,
      "Cyprus": 0,
      "Czechia": 0,
      "Denmark": 0.0,
      "Ecuador": 0,
      "Estonia": 0,
      "European Union": 0.0,
      "Faeroe Islands": 0,
      "Finland": 0,
      "France": 0,
      "Germany": 0.0,
      "Gibraltar": 0,
      "Greece": 0.0,
      "Guernsey": 0,
      "Hungary": 0,
      "Iceland": 0,
      "India": 0,
      "Indonesia": 0,
      "Ireland": 0,
      "Isle of Man": 0,
      "Israel": 2.88,
      "Italy": 0,
      "Jersey": 0,
      "Jordan": 0,
      "Kazakhstan": 0,
      "Kuwait": 0,
      "Latvia": 0,
      "Lithuania": 0,
      "Luxembourg": 0,
      "Malta": 0,
      "Mexico": 0.0,
      "Morocco": 0,
      "Norway": 0,
      "Oman": 0,
      "Poland": 0,
      "Portugal": 0,
      "Romania": 0,
      "Russia": 0,
      "Serbia": 0,
      "Seychelles": 0,
      "Singapore": 0,
      "Slovakia": 0,
      "Slovenia": 0,
      "South Africa": 0,
      "Spain": 0,
      "Sweden": 0,
      "Switzerland": 0,
      "Turkey": 0,
      "United Arab Emirates": 2.53,
      "United Kingdom": 0.66,
      "United States": 0.48,
      "World": 0.03
    }
  },
  {
    "date": "2021-01-17",
    "data": {
      "Albania": 0,
      "Argentina": 0,
      "Austria": 0,
      "Belgium": 0,
      "Bermuda": 0,
      "Brazil": 0,
      "Bulgaria": 0,
      "Canada": 0.08,
      "Cayman Islands": 0,
      "Chile": 0.04,
      "Costa Rica": 0.0,
      "Croatia": 0,
      "Cyprus": 0,
      "Czechia": 0.01,
      "Denmark": 0.01,
      "Ecuador": 0,
      "Estonia": 0,
      "European Union": 0.01,
      "Faeroe Islands": 0,
      "Finland": 0,
      "France": 0,
      "Germany": 0.02,
      "Gibraltar": 0,
      "Greece": 0.0,
      "Guernsey": 0,
      "Hungary": 0,
      "Iceland": 0,
      "India": 0,
      "Indonesia": 0,
      "Ireland": 0,
      "Isle of Man": 0,
      "Israel": 3.85,
      "Italy": 0.0,
      "Jersey": 0,
      "Jordan": 0,
      "Kazakhstan": 0,
      "Kuwait": 0,
      "Latvia": 0,
      "Lithuania": 0.04,
      "Luxembourg": 0,
      "Malta": 0,
      "Mexico": 0.0,
      "Morocco": 0,
      "Norway": 0.0,
      "Oman": 0.01,
      "Poland": 0.0,
      "Portugal": 0.01,
      "Romania": 0.0,
      "Russia": 0,
      "Serbia": 0,
      "Seychelles": 0,
      "Singapore": 0,
      "Slovakia": 0,
      "Slovenia": 0,
      "South Africa": 0,
      "Spain": 0,
      "Sweden": 0.0,
      "Switzerland": 0,
      "Turkey": 0,
      "United Arab Emirates": 2.53,
      "United Kingdom": 0.67,
      "United States": 0.48,
      "World": 0.03
    }
  },
  {
    "date": "2021-01-18",
    "data": {
      "Albania": 0,
      "Argentina": 0,
      "Austria": 0.0,
      "Belgium": 0.0,
      "Bermuda": 0,
      "Brazil": 0,
      "Bulgaria": 0.02,
      "Canada": 0.08,
      "Cayman Islands": 0,
      "Chile": 0.04,
      "Costa Rica": 0.0,
      "Croatia": 0,
      "Cyprus": 0,
      "Czechia": 0.02,
      "Denmark": 0.05,
      "Ecuador": 0,
      "Estonia": 0,
      "European Union": 0.01,
      "Faeroe Islands": 0,
      "Finland": 0,
      "France": 0,
      "Germany": 0.04,
      "Gibraltar": 0,
      "Greece": 0.0,
      "Guernsey": 0,
      "Hungary": 0.02,
      "Iceland": 0,
      "India": 0,
      "Indonesia": 0,
      "Ireland": 0,
      "Isle of Man": 0,
      "Israel": 5.24,
      "Italy": 0.01,
      "Jersey": 0,
      "Jordan": 0,
      "Kazakhstan": 0,
      "Kuwait": 0,
      "Latvia": 0.03,
      "Lithuania": 0.1,
      "Luxembourg": 0,
      "Malta": 0,
      "Mexico": 0.01,
      "Morocco": 0,
      "Norway": 0.01,
      "Oman": 0.04,
      "Poland": 0.01,
      "Portugal": 0.02,
      "Romania": 0.01,
      "Russia": 0,
      "Serbia": 0,
      "Seychelles": 0,
      "Singapore": 0,
      "Slovakia": 0.01,
      "Slovenia": 0.01,
      "South Africa": 0,
      "Spain": 0.0,
      "Sweden": 0.0,
      "Switzerland": 0,
      "Turkey": 0,
      "United Arab Emirates": 2.53,
      "United Kingdom": 0.67,
      "United States": 0.48,
      "World": 0.04
    }
  },
  {
    "date": "2021-01-19",
    "data": {
      "Albania": 0,
      "Argentina": 0,
      "Austria": 0.01,
      "Belgium": 0.0,
      "Bermuda": 0,
      "Brazil": 0,
      "Bulgaria": 0.05,
      "Canada": 0.1,
      "Cayman Islands": 0,
      "Chile": 0.04,
      "Costa Rica": 0.0,
      "Croatia": 0,
      "Cyprus": 0,
      "Czechia": 0.05,
      "Denmark": 0.09,
      "Ecuador": 0,
      "Estonia": 0,
      "European Union": 0.03,
      "Faeroe Islands": 0,
      "Finland": 0,
      "France": 0,
      "Germany": 0.07,
      "Gibraltar": 0,
      "Greece": 0.01,
      "Guernsey": 0,
      "Hungary": 0.03,
      "Iceland": 0,
      "India": 0,
      "Indonesia": 0,
      "Ireland": 0,
      "Isle of Man": 0,
      "Israel": 6.83,
      "Italy": 0.01,
      "Jersey": 0,
      "Jordan": 0,
      "Kazakhstan": 0,
      "Kuwait": 0,
      "Latvia": 0.07,
      "Lithuania": 0.25,
      "Luxembourg": 0,
      "Malta": 0,
      "Mexico": 0.01,
      "Morocco": 0,
      "Norway": 0.02,
      "Oman": 0.06,
      "Poland": 0.03,
      "Portugal": 0.09,
      "Romania": 0.01,
      "Russia": 0,
      "Serbia": 0,
      "Seychelles": 0,
      "Singapore": 0,
      "Slovakia": 0.02,
      "Slovenia": 0.09,
      "South Africa": 0,
      "Spain": 0.02,
      "Sweden": 0.0,
      "Switzerland": 0,
      "Turkey": 0,
      "United Arab Emirates": 2.53,
      "United Kingdom": 0.68,
      "United States": 0.6,
      "World": 0.05
    }
  },
  {
    "date": "2021-01-20",
    "data": {
      "Albania": 0,
      "Argentina": 0.01,
      "Austria": 0.02,
      "Belgium": 0.01,
      "Bermuda": 0,
      "Brazil": 0,
      "Bulgaria": 0.06,
      "Canada": 0.14,
      "Cayman Islands": 0,
      "Chile": 0.04,
      "Costa Rica": 0.0,
      "Croatia": 0,
      "Cyprus": 0,
      "Czechia": 0.07,
      "Denmark": 0.12,
      "Ecuador": 0,
      "Estonia": 0,
      "European Union": 0.05,
      "Faeroe Islands": 0,
      "Finland": 0,
      "France": 0,
      "Germany": 0.13,
      "Gibraltar": 0,
      "Greece": 0.02,
      "Guernsey": 0,
      "Hungary": 0.04,
      "Iceland": 0.14,
      "India": 0,
      "Indonesia": 0,
      "Ireland": 0,
      "Isle of Man": 0,
      "Israel": 8.48,
      "Italy": 0.02,
      "Jersey": 0,
      "Jordan": 0,
      "Kazakhstan": 0,
      "Kuwait": 0,
      "Latvia": 0.11,
      "Lithuania": 0.31,
      "Luxembourg": 0,
      "Malta": 0,
      "Mexico": 0.01,
      "Morocco": 0,
      "Norway": 0.03,
      "Oman": 0.09,
      "Poland": 0.07,
      "Portugal": 0.18,
      "Romania": 0.03,
      "Russia": 0,
      "Serbia": 0,
      "Seychelles": 0,
      "Singapore": 0,
      "Slovakia": 0.03,
      "Slovenia": 0.25,
      "South Africa": 0,
      "Spain": 0.03,
      "Sweden": 0.0,
      "Switzerland": 0,
      "Turkey": 0,
      "United Arab Emirates": 2.53,
      "United Kingdom": 0.68,
      "United States": 0.65,
      "World": 0.05
    }
  },
  {
    "date": "2021-01-21",
    "data": {
      "Albania": 0,
      "Argentina": 0.04,
      "Austria": 0.04,
      "Belgium": 0.01,
      "Bermuda": 0,
      "Brazil": 0,
      "Bulgaria": 0.07,
      "Canada": 0.17,
      "Cayman Islands": 0,
      "Chile": 0.04,
      "Costa Rica": 0.0,
      "Croatia": 0,
      "Cyprus": 0,
      "Czechia": 0.09,
      "Denmark": 0.16,
      "Ecuador": 0,
      "Estonia": 0,
      "European Union": 0.08,
      "Faeroe Islands": 0,
      "Finland": 0,
      "France": 0,
      "Germany": 0.17,
      "Gibraltar": 0,
      "Greece": 0.02,
      "Guernsey": 0,
      "Hungary": 0.06,
      "Iceland": 0.14,
      "India": 0,
      "Indonesia": 0,
      "Ireland": 0,
      "Isle of Man": 0,
      "Israel": 10.37,
      "Italy": 0.05,
      "Jersey": 0,
      "Jordan": 0,
      "Kazakhstan": 0,
      "Kuwait": 0,
      "Latvia": 0.11,
      "Lithuania": 0.34,
      "Luxembourg": 0,
      "Malta": 0,
      "Mexico": 0.01,
      "Morocco": 0,
      "Norway": 0.04,
      "Oman": 0.09,
      "Poland": 0.1,
      "Portugal": 0.23,
      "Romania": 0.05,
      "Russia": 0,
      "Serbia": 0,
      "Seychelles": 0,
      "Singapore": 0,
      "Slovakia": 0.05,
      "Slovenia": 0.41,
      "South Africa": 0,
      "Spain": 0.1,
      "Sweden": 0.0,
      "Switzerland": 0,
      "Turkey": 0,
      "United Arab Emirates": 2.53,
      "United Kingdom": 0.69,
      "United States": 0.72,
      "World": 0.06
    }
  },
  {
    "date": "2021-01-22",
    "data": {
      "Albania": 0,
      "Argentina": 0.06,
      "Austria": 0.04,
      "Belgium": 0.01,
      "Bermuda": 0,
      "Brazil": 0,
      "Bulgaria": 0.07,
      "Canada": 0.2,
      "Cayman Islands": 0,
      "Chile": 0.04,
      "Costa Rica": 0.0,
      "Croatia": 0,
      "Cyprus": 0,
      "Czechia": 0.1,
      "Denmark": 0.26,
      "Ecuador": 0,
      "Estonia": 0,
      "European Union": 0.1,
      "Faeroe Islands": 0,
      "Finland": 0,
      "France": 0,
      "Germany": 0.21,
      "Gibraltar": 0,
      "Greece": 0.02,
      "Guernsey": 0,
      "Hungary": 0.07,
      "Iceland": 0.14,
      "India": 0,
      "Indonesia": 0,
      "Ireland": 0,
      "Isle of Man": 0,
      "Israel": 11.19,
      "Italy": 0.08,
      "Jersey": 0,
      "Jordan": 0,
      "Kazakhstan": 0,
      "Kuwait": 0,
      "Latvia": 0.11,
      "Lithuania": 0.34,
      "Luxembourg": 0,
      "Malta": 0,
      "Mexico": 0.02,
      "Morocco": 0,
      "Norway": 0.04,
      "Oman": 0.09,
      "Poland": 0.12,
      "Portugal": 0.25,
      "Romania": 0.06,
      "Russia": 0,
      "Serbia": 0,
      "Seychelles": 0,
      "Singapore": 0,
      "Slovakia": 0.05,
      "Slovenia": 0.46,
      "South Africa": 0,
      "Spain": 0.15,
      "Sweden": 0.0,
      "Switzerland": 0,
      "Turkey": 0,
      "United Arab Emirates": 2.53,
      "United Kingdom": 0.69,
      "United States": 0.82,
      "World": 0.06
    }
  },
  {
    "date": "2021-01-23",
    "data": {
      "Albania": 0,
      "Argentina": 0.06,
      "Austria": 0.05,
      "Belgium": 0.01,
      "Bermuda": 0,
      "Brazil": 0,
      "Bulgaria": 0.07,
      "Canada": 0.22,
      "Cayman Islands": 0,
      "Chile": 0.04,
      "Costa Rica": 0.0,
      "Croatia": 0,
      "Cyprus": 0.23,
      "Czechia": 0.11,
      "Denmark": 0.38,
      "Ecuador": 0,
      "Estonia": 0,
      "European Union": 0.12,
      "Faeroe Islands": 0,
      "Finland": 0,
      "France": 0,
      "Germany": 0.26,
      "Gibraltar": 0,
      "Greece": 0.03,
      "Guernsey": 0,
      "Hungary": 0.08,
      "Iceland": 0.14,
      "India": 0,
      "Indonesia": 0,
      "Ireland": 0,
      "Isle of Man": 0,
      "Israel": 11.81,
      "Italy": 0.13,
      "Jersey": 0,
      "Jordan": 0,
      "Kazakhstan": 0,
      "Kuwait": 0,
      "Latvia": 0.11,
      "Lithuania": 0.34,
      "Luxembourg": 0,
      "Malta": 0,
      "Mexico": 0.02,
      "Morocco": 0,
      "Norway": 0.04,
      "Oman": 0.12,
      "Poland": 0.12,
      "Portugal": 0.29,
      "Romania": 0.07,
      "Russia": 0,
      "Serbia": 0,
      "Seychelles": 0,
      "Singapore": 0,
      "Slovakia": 0.05,
      "Slovenia": 0.48,
      "South Africa": 0,
      "Spain": 0.15,
      "Sweden": 0.0,
      "Switzerland": 0,
      "Turkey": 0,
      "United Arab Emirates": 2.53,
      "United Kingdom": 0.69,
      "United States": 0.91,
      "World": 0.07
    }
  },
  {
    "date": "2021-01-24",
    "data": {
      "Albania": 0,
      "Argentina": 0.07,
      "Austria": 0.05,
      "Belgium": 0.01,
      "Bermuda": 0,
      "Brazil": 0,
      "Bulgaria": 0.07,
      "Canada": 0.23,
      "Cayman Islands": 0,
      "Chile": 0.04,
      "Costa Rica": 0.0,
      "Croatia": 0,
      "Cyprus": 0.23,
      "Czechia": 0.11,
      "Denmark": 0.49,
      "Ecuador": 0,
      "Estonia": 0,
      "European Union": 0.14,
      "Faeroe Islands": 0,
      "Finland": 0,
      "France": 0,
      "Germany": 0.3,
      "Gibraltar": 0,
      "Greece": 0.03,
      "Guernsey": 0.78,
      "Hungary": 0.1,
      "Iceland": 0.14,
      "India": 0,
      "Indonesia": 0,
      "Ireland": 0,
      "Isle of Man": 0,
      "Israel": 13.43,
      "Italy": 0.18,
      "Jersey": 3.02,
      "Jordan": 0,
      "Kazakhstan": 0,
      "Kuwait": 0,
      "Latvia": 0.11,
      "Lithuania": 0.34,
      "Luxembourg": 0,
      "Malta": 0.27,
      "Mexico": 0.02,
      "Morocco": 0,
      "Norway": 0.04,
      "Oman": 0.16,
      "Poland": 0.13,
      "Portugal": 0.3,
      "Romania": 0.07,
      "Russia": 0,
      "Serbia": 0,
      "Seychelles": 0,
      "Singapore": 0,
      "Slovakia": 0.05,
      "Slovenia": 0.49,
      "South Africa": 0,
      "Spain": 0.19,
      "Sweden": 0.1,
      "Switzerland": 0,
      "Turkey": 0,
      "United Arab Emirates": 2.53,
      "United Kingdom": 0.69,
      "United States": 0.96,
      "World": 0.08
    }
  },
  {
    "date": "2021-01-25",
    "data": {
      "Albania": 0,
      "Argentina": 0.07,
      "Austria": 0.05,
      "Belgium": 0.01,
      "Bermuda": 0,
      "Brazil": 0,
      "Bulgaria": 0.07,
      "Canada": 0.27,
      "Cayman Islands": 0,
      "Chile": 0.05,
      "Costa Rica": 0.05,
      "Croatia": 0.29,
      "Cyprus": 0.23,
      "Czechia": 0.14,
      "Denmark": 0.54,
      "Ecuador": 0,
      "Estonia": 0,
      "European Union": 0.19,
      "Faeroe Islands": 0,
      "Finland": 0.08,
      "France": 0,
      "Germany": 0.34,
      "Gibraltar": 0,
      "Greece": 0.08,
      "Guernsey": 0.78,
      "Hungary": 0.13,
      "Iceland": 1.4,
      "India": 0,
      "Indonesia": 0,
      "Ireland": 0,
      "Isle of Man": 0.37,
      "Israel": 15.03,
      "Italy": 0.29,
      "Jersey": 3.02,
      "Jordan": 0,
      "Kazakhstan": 0,
      "Kuwait": 0,
      "Latvia": 0.15,
      "Lithuania": 0.34,
      "Luxembourg": 0.2,
      "Malta": 0.33,
      "Mexico": 0.02,
      "Morocco": 0,
      "Norway": 0.04,
      "Oman": 0.19,
      "Poland": 0.2,
      "Portugal": 0.3,
      "Romania": 0.13,
      "Russia": 0,
      "Serbia": 0,
      "Seychelles": 0,
      "Singapore": 0,
      "Slovakia": 0.09,
      "Slovenia": 0.49,
      "South Africa": 0,
      "Spain": 0.26,
      "Sweden": 0.1,
      "Switzerland": 0,
      "Turkey": 0,
      "United Arab Emirates": 2.53,
      "United Kingdom": 0.7,
      "United States": 1.0,
      "World": 0.08
    }
  },
  {
    "date": "2021-01-26",
    "data": {
      "Albania": 0,
      "Argentina": 0.09,
      "Austria": 0.05,
      "Belgium": 0.02,
      "Bermuda": 0,
      "Brazil": 0,
      "Bulgaria": 0.08,
      "Canada": 0.3,
      "Cayman Islands": 0,
      "Chile": 0.05,
      "Costa Rica": 0.05,
      "Croatia": 0.29,
      "Cyprus": 0.23,
      "Czechia": 0.18,
      "Denmark": 0.57,
      "Ecuador": 0,
      "Estonia": 0,
      "European Union": 0.25,
      "Faeroe Islands": 0,
      "Finland": 0.13,
      "France": 0.01,
      "Germany": 0.4,
      "Gibraltar": 0,
      "Greece": 0.13,
      "Guernsey": 0.78,
      "Hungary": 0.18,
      "Iceland": 1.4,
      "India": 0,
      "Indonesia": 0,
      "Ireland": 0,
      "Isle of Man": 0.75,
      "Israel": 16.49,
      "Italy": 0.41,
      "Jersey": 3.02,
      "Jordan": 0,
      "Kazakhstan": 0,
      "Kuwait": 0,
      "Latvia": 0.19,
      "Lithuania": 0.36,
      "Luxembourg": 0.2,
      "Malta": 0.38,
      "Mexico": 0.02,
      "Morocco": 0,
      "Norway": 0.08,
      "Oman": 0.22,
      "Poland": 0.33,
      "Portugal": 0.3,
      "Romania": 0.21,
      "Russia": 0,
      "Serbia": 0,
      "Seychelles": 0,
      "Singapore": 0,
      "Slovakia": 0.1,
      "Slovenia": 0.57,
      "South Africa": 0,
      "Spain": 0.37,
      "Sweden": 0.1,
      "Switzerland": 0,
      "Turkey": 0,
      "United Arab Emirates": 2.53,
      "United Kingdom": 0.7,
      "United States": 1.04,
      "World": 0.09
    }
  },
  {
    "date": "2021-01-27",
    "data": {
      "Albania": 0,
      "Argentina": 0.1,
      "Austria": 0.06,
      "Belgium": 0.05,
      "Bermuda": 0,
      "Brazil": 0,
      "Bulgaria": 0.11,
      "Canada": 0.22,
      "Cayman Islands": 0,
      "Chile": 0.05,
      "Costa Rica": 0.05,
      "Croatia": 0.29,
      "Cyprus": 0.23,
      "Czechia": 0.22,
      "Denmark": 0.64,
      "Ecuador": 0,
      "Estonia": 0,
      "European Union": 0.31,
      "Faeroe Islands": 0,
      "Finland": 0.17,
      "France": 0.02,
      "Germany": 0.47,
      "Gibraltar": 0,
      "Greece": 0.17,
      "Guernsey": 0.78,
      "Hungary": 0.27,
      "Iceland": 1.41,
      "India": 0,
      "Indonesia": 0,
      "Ireland": 0.28,
      "Isle of Man": 1.22,
      "Israel": 17.92,
      "Italy": 0.52,
      "Jersey": 3.02,
      "Jordan": 0,
      "Kazakhstan": 0,
      "Kuwait": 0,
      "Latvia": 0.23,
      "Lithuania": 0.47,
      "Luxembourg": 0.21,
      "Malta": 0.47,
      "Mexico": 0.02,
      "Morocco": 0,
      "Norway": 0.21,
      "Oman": 0.24,
      "Poland": 0.4,
      "Portugal": 0.3,
      "Romania": 0.3,
      "Russia": 0,
      "Serbia": 0,
      "Seychelles": 0,
      "Singapore": 0.0,
      "Slovakia": 0.1,
      "Slovenia": 0.79,
      "South Africa": 0,
      "Spain": 0.41,
      "Sweden": 0.1,
      "Switzerland": 0,
      "Turkey": 0,
      "United Arab Emirates": 2.53,
      "United Kingdom": 0.7,
      "United States": 1.14,
      "World": 0.1
    }
  },
  {
    "date": "2021-01-28",
    "data": {
      "Albania": 0,
      "Argentina": 0.11,
      "Austria": 0.06,
      "Belgium": 0.11,
      "Bermuda": 0,
      "Brazil": 0,
      "Bulgaria": 0.16,
      "Canada": 0.24,
      "Cayman Islands": 0,
      "Chile": 0.05,
      "Costa Rica": 0.05,
      "Croatia": 0.29,
      "Cyprus": 0.23,
      "Czechia": 0.28,
      "Denmark": 0.78,
      "Ecuador": 0,
      "Estonia": 0.47,
      "European Union": 0.38,
      "Faeroe Islands": 0,
      "Finland": 0.19,
      "France": 0.04,
      "Germany": 0.53,
      "Gibraltar": 0,
      "Greece": 0.23,
      "Guernsey": 0.78,
      "Hungary": 0.39,
      "Iceland": 1.41,
      "India": 0,
      "Indonesia": 0.0,
      "Ireland": 0.28,
      "Isle of Man": 1.22,
      "Israel": 19.43,
      "Italy": 0.67,
      "Jersey": 3.02,
      "Jordan": 0,
      "Kazakhstan": 0,
      "Kuwait": 0,
      "Latvia": 0.27,
      "Lithuania": 0.61,
      "Luxembourg": 0.24,
      "Malta": 0.57,
      "Mexico": 0.02,
      "Morocco": 0,
      "Norway": 0.33,
      "Oman": 0.24,
      "Poland": 0.47,
      "Portugal": 0.3,
      "Romania": 0.39,
      "Russia": 0,
      "Serbia": 0,
      "Seychelles": 0,
      "Singapore": 0.0,
      "Slovakia": 0.13,
      "Slovenia": 1.05,
      "South Africa": 0,
      "Spain": 0.54,
      "Sweden": 0.1,
      "Switzerland": 0,
      "Turkey": 0,
      "United Arab Emirates": 2.53,
      "United Kingdom": 0.7,
      "United States": 1.27,
      "World": 0.11
    }
  },
  {
    "date": "2021-01-29",
    "data": {
      "Albania": 0,
      "Argentina": 0.15,
      "Austria": 0.08,
      "Belgium": 0.18,
      "Bermuda": 0,
      "Brazil": 0,
      "Bulgaria": 0.19,
      "Canada": 0.27,
      "Cayman Islands": 0,
      "Chile": 0.05,
      "Costa Rica": 0.05,
      "Croatia": 0.29,
      "Cyprus": 0.23,
      "Czechia": 0.35,
      "Denmark": 1.1,
      "Ecuador": 0,
      "Estonia": 0.57,
      "European Union": 0.44,
      "Faeroe Islands": 0.0,
      "Finland": 0.26,
      "France": 0.06,
      "Germany": 0.59,
      "Gibraltar": 0,
      "Greece": 0.31,
      "Guernsey": 0.78,
      "Hungary": 0.51,
      "Iceland": 1.41,
      "India": 0,
      "Indonesia": 0.0,
      "Ireland": 0.28,
      "Isle of Man": 1.21,
      "Israel": 20.17,
      "Italy": 0.82,
      "Jersey": 3.02,
      "Jordan": 0,
      "Kazakhstan": 0,
      "Kuwait": 0,
      "Latvia": 0.32,
      "Lithuania": 0.8,
      "Luxembourg": 0.24,
      "Malta": 0.67,
      "Mexico": 0.02,
      "Morocco": 0,
      "Norway": 0.37,
      "Oman": 0.24,
      "Poland": 0.52,
      "Portugal": 0.3,
      "Romania": 0.48,
      "Russia": 0,
      "Serbia": 0,
      "Seychelles": 0,
      "Singapore": 0.0,
      "Slovakia": 0.17,
      "Slovenia": 1.24,
      "South Africa": 0,
      "Spain": 0.54,
      "Sweden": 0.1,
      "Switzerland": 0,
      "Turkey": 0,
      "United Arab Emirates": 2.53,
      "United Kingdom": 0.71,
      "United States": 1.43,
      "World": 0.12
    }
  },
  {
    "date": "2021-01-30",
    "data": {
      "Albania": 0,
      "Argentina": 0.19,
      "Austria": 0.15,
      "Belgium": 0.2,
      "Bermuda": 0,
      "Brazil": 0,
      "Bulgaria": 0.19,
      "Canada": 0.29,
      "Cayman Islands": 0,
      "Chile": 0.05,
      "Costa Rica": 0.05,
      "Croatia": 0.29,
      "Cyprus": 0.63,
      "Czechia": 0.36,
      "Denmark": 1.32,
      "Ecuador": 0,
      "Estonia": 0.72,
      "European Union": 0.49,
      "Faeroe Islands": 0.0,
      "Finland": 0.32,
      "France": 0.07,
      "Germany": 0.65,
      "Gibraltar": 0,
      "Greece": 0.37,
      "Guernsey": 0.78,
      "Hungary": 0.59,
      "Iceland": 1.41,
      "India": 0,
      "Indonesia": 0.01,
      "Ireland": 0.28,
      "Isle of Man": 1.21,
      "Israel": 20.67,
      "Italy": 0.96,
      "Jersey": 3.02,
      "Jordan": 0,
      "Kazakhstan": 0,
      "Kuwait": 0,
      "Latvia": 0.34,
      "Lithuania": 0.81,
      "Luxembourg": 0.24,
      "Malta": 0.78,
      "Mexico": 0.03,
      "Morocco": 0,
      "Norway": 0.38,
      "Oman": 0.24,
      "Poland": 0.52,
      "Portugal": 0.64,
      "Romania": 0.53,
      "Russia": 0,
      "Serbia": 0,
      "Seychelles": 0,
      "Singapore": 0.0,
      "Slovakia": 0.17,
      "Slovenia": 1.25,
      "South Africa": 0,
      "Spain": 0.54,
      "Sweden": 0.1,
      "Switzerland": 0,
      "Turkey": 0,
      "United Arab Emirates": 2.53,
      "United Kingdom": 0.72,
      "United States": 1.57,
      "World": 0.13
    }
  },
  {
    "date": "2021-01-31",
    "data": {
      "Albania": 0,
      "Argentina": 0.19,
      "Austria": 0.17,
      "Belgium": 0.21,
      "Bermuda": 0,
      "Brazil": 0,
      "Bulgaria": 0.19,
      "Canada": 0.3,
      "Cayman Islands": 0,
      "Chile": 0.05,
      "Costa Rica": 0.05,
      "Croatia": 0.29,
      "Cyprus": 0.63,
      "Czechia": 0.37,
      "Denmark": 1.53,
      "Ecuador": 0,
      "Estonia": 0.77,
      "European Union": 0.56,
      "Faeroe Islands": 0.0,
      "Finland": 0.32,
      "France": 0.07,
      "Germany": 0.69,
      "Gibraltar": 1.19,
      "Greece": 0.37,
      "Guernsey": 0.78,
      "Hungary": 0.63,
      "Iceland": 1.41,
      "India": 0,
      "Indonesia": 0.01,
      "Ireland": 1.0,
      "Isle of Man": 1.21,
      "Israel": 21.35,
      "Italy": 1.05,
      "Jersey": 3.1,
      "Jordan": 0,
      "Kazakhstan": 0,
      "Kuwait": 0,
      "Latvia": 0.35,
      "Lithuania": 0.81,
      "Luxembourg": 0.27,
      "Malta": 0.89,
      "Mexico": 0.03,
      "Morocco": 0,
      "Norway": 0.38,
      "Oman": 0.24,
      "Poland": 0.53,
      "Portugal": 0.67,
      "Romania": 0.55,
      "Russia": 0,
      "Serbia": 0,
      "Seychelles": 0,
      "Singapore": 0.0,
      "Slovakia": 0.17,
      "Slovenia": 1.25,
      "South Africa": 0,
      "Spain": 0.77,
      "Sweden": 0.33,
      "Switzerland": 0,
      "Turkey": 0,
      "United Arab Emirates": 2.53,
      "United Kingdom": 0.73,
      "United States": 1.69,
      "World": 0.14
    }
  },
  {
    "date": "2021-02-01",
    "data": {
      "Albania": 0,
      "Argentina": 0.21,
      "Austria": 0.18,
      "Belgium": 0.24,
      "Bermuda": 0,
      "Brazil": 0,
      "Bulgaria": 0.2,
      "Canada": 0.31,
      "Cayman Islands": 0,
      "Chile": 0.05,
      "Costa Rica": 0.23,
      "Croatia": 0.61,
      "Cyprus": 0.63,
      "Czechia": 0.44,
      "Denmark": 1.67,
      "Ecuador": 0,
      "Estonia": 0.78,
      "European Union": 0.63,
      "Faeroe Islands": 0.0,
      "Finland": 0.33,
      "France": 0.1,
      "Germany": 0.77,
      "Gibraltar": 3.93,
      "Greece": 0.45,
      "Guernsey": 0.78,
      "Hungary": 0.71,
      "Iceland": 1.41,
      "India": 0,
      "Indonesia": 0.01,
      "Ireland": 1.0,
      "Isle of Man": 1.21,
      "Israel": 21.76,
      "Italy": 1.19,
      "Jersey": 3.1,
      "Jordan": 0,
      "Kazakhstan": 0,
      "Kuwait": 0,
      "Latvia": 0.42,
      "Lithuania": 0.88,
      "Luxembourg": 0.3,
      "Malta": 1.01,
      "Mexico": 0.03,
      "Morocco": 0,
      "Norway": 0.38,
      "Oman": 0.24,
      "Poland": 0.62,
      "Portugal": 0.67,
      "Romania": 0.64,
      "Russia": 0,
      "Serbia": 0,
      "Seychelles": 0,
      "Singapore": 0.0,
      "Slovakia": 0.23,
      "Slovenia": 1.25,
      "South Africa": 0,
      "Spain": 0.9,
      "Sweden": 0.33,
      "Switzerland": 0,
      "Turkey": 0,
      "United Arab Emirates": 2.53,
      "United Kingdom": 0.73,
      "United States": 1.77,
      "World": 0.15
    }
  },
  {
    "date": "2021-02-02",
    "data": {
      "Albania": 0.0,
      "Argentina": 0.21,
      "Austria": 0.21,
      "Belgium": 0.35,
      "Bermuda": 0,
      "Brazil": 0,
      "Bulgaria": 0.22,
      "Canada": 0.32,
      "Cayman Islands": 0,
      "Chile": 0.05,
      "Costa Rica": 0.23,
      "Croatia": 0.61,
      "Cyprus": 0.63,
      "Czechia": 0.54,
      "Denmark": 1.72,
      "Ecuador": 0,
      "Estonia": 0.85,
      "European Union": 0.72,
      "Faeroe Islands": 0.0,
      "Finland": 0.33,
      "France": 0.15,
      "Germany": 0.85,
      "Gibraltar": 6.89,
      "Greece": 0.52,
      "Guernsey": 0.78,
      "Hungary": 0.78,
      "Iceland": 1.41,
      "India": 0,
      "Indonesia": 0.02,
      "Ireland": 1.0,
      "Isle of Man": 1.67,
      "Israel": 22.11,
      "Italy": 1.32,
      "Jersey": 3.1,
      "Jordan": 0,
      "Kazakhstan": 0,
      "Kuwait": 0,
      "Latvia": 0.5,
      "Lithuania": 0.96,
      "Luxembourg": 0.37,
      "Malta": 1.11,
      "Mexico": 0.04,
      "Morocco": 0,
      "Norway": 0.44,
      "Oman": 0.24,
      "Poland": 0.76,
      "Portugal": 0.69,
      "Romania": 0.72,
      "Russia": 0,
      "Serbia": 0,
      "Seychelles": 0,
      "Singapore": 0.1,
      "Slovakia": 0.29,
      "Slovenia": 1.3,
      "South Africa": 0,
      "Spain": 1.07,
      "Sweden": 0.33,
      "Switzerland": 0,
      "Turkey": 0,
      "United Arab Emirates": 2.53,
      "United Kingdom": 0.73,
      "United States": 1.81,
      "World": 0.16
    }
  },
  {
    "date": "2021-02-03",
    "data": {
      "Albania": 0.0,
      "Argentina": 0.25,
      "Austria": 0.31,
      "Belgium": 0.52,
      "Bermuda": 0,
      "Brazil": 0,
      "Bulgaria": 0.24,
      "Canada": 0.34,
      "Cayman Islands": 0,
      "Chile": 0.05,
      "Costa Rica": 0.23,
      "Croatia": 0.7,
      "Cyprus": 0.63,
      "Czechia": 0.64,
      "Denmark": 1.83,
      "Ecuador": 0,
      "Estonia": 0.97,
      "European Union": 0.82,
      "Faeroe Islands": 0.0,
      "Finland": 0.42,
      "France": 0.2,
      "Germany": 0.95,
      "Gibraltar": 8.94,
      "Greece": 0.6,
      "Guernsey": 0.78,
      "Hungary": 0.87,
      "Iceland": 1.42,
      "India": 0,
      "Indonesia": 0.03,
      "Ireland": 1.0,
      "Isle of Man": 2.56,
      "Israel": 22.7,
      "Italy": 1.47,
      "Jersey": 3.1,
      "Jordan": 0,
      "Kazakhstan": 0,
      "Kuwait": 0,
      "Latvia": 0.58,
      "Lithuania": 1.15,
      "Luxembourg": 0.45,
      "Malta": 1.23,
      "Mexico": 0.04,
      "Morocco": 0,
      "Norway": 0.59,
      "Oman": 0.24,
      "Poland": 0.91,
      "Portugal": 0.74,
      "Romania": 0.79,
      "Russia": 0,
      "Serbia": 0,
      "Seychelles": 0.01,
      "Singapore": 0.1,
      "Slovakia": 0.33,
      "Slovenia": 1.52,
      "South Africa": 0,
      "Spain": 1.25,
      "Sweden": 0.33,
      "Switzerland": 0,
      "Turkey": 0,
      "United Arab Emirates": 2.53,
      "United Kingdom": 0.74,
      "United States": 1.92,
      "World": 0.17
    }
  },
  {
    "date": "2021-02-04",
    "data": {
      "Albania": 0.0,
      "Argentina": 0.32,
      "Austria": 0.44,
      "Belgium": 0.72,
      "Bermuda": 0,
      "Brazil": 0,
      "Bulgaria": 0.25,
      "Canada": 0.38,
      "Cayman Islands": 4.86,
      "Chile": 0.07,
      "Costa Rica": 0.23,
      "Croatia": 0.87,
      "Cyprus": 0.63,
      "Czechia": 0.76,
      "Denmark": 2.02,
      "Ecuador": 0,
      "Estonia": 1.08,
      "European Union": 0.94,
      "Faeroe Islands": 0.0,
      "Finland": 0.62,
      "France": 0.28,
      "Germany": 1.04,
      "Gibraltar": 11.7,
      "Greece": 0.66,
      "Guernsey": 0.78,
      "Hungary": 0.96,
      "Iceland": 1.42,
      "India": 0,
      "Indonesia": 0.04,
      "Ireland": 1.0,
      "Isle of Man": 2.57,
      "Israel": 23.37,
      "Italy": 1.62,
      "Jersey": 3.1,
      "Jordan": 0,
      "Kazakhstan": 0,
      "Kuwait": 0,
      "Latvia": 0.65,
      "Lithuania": 1.45,
      "Luxembourg": 0.51,
      "Malta": 1.46,
      "Mexico": 0.05,
      "Morocco": 0,
      "Norway": 0.75,
      "Oman": 0.24,
      "Poland": 1.04,
      "Portugal": 0.83,
      "Romania": 0.86,
      "Russia": 0,
      "Serbia": 0,
      "Seychelles": 0.01,
      "Singapore": 0.1,
      "Slovakia": 0.44,
      "Slovenia": 1.85,
      "South Africa": 0,
      "Spain": 1.46,
      "Sweden": 0.33,
      "Switzerland": 0,
      "Turkey": 0,
      "United Arab Emirates": 2.53,
      "United Kingdom": 0.75,
      "United States": 2.07,
      "World": 0.18
    }
  },
  {
    "date": "2021-02-05",
    "data": {
      "Albania": 0.0,
      "Argentina": 0.32,
      "Austria": 0.56,
      "Belgium": 0.91,
      "Bermuda": 0,
      "Brazil": 0,
      "Bulgaria": 0.25,
      "Canada": 0.41,
      "Cayman Islands": 4.86,
      "Chile": 0.07,
      "Costa Rica": 0.23,
      "Croatia": 0.87,
      "Cyprus": 0.63,
      "Czechia": 0.86,
      "Denmark": 2.25,
      "Ecuador": 0,
      "Estonia": 1.2,
      "European Union": 1.02,
      "Faeroe Islands": 0.0,
      "Finland": 0.77,
      "France": 0.34,
      "Germany": 1.12,
      "Gibraltar": 14.47,
      "Greece": 0.71,
      "Guernsey": 0.78,
      "Hungary": 1.05,
      "Iceland": 1.42,
      "India": 0,
      "Indonesia": 0.04,
      "Ireland": 1.61,
      "Isle of Man": 2.57,
      "Israel": 23.7,
      "Italy": 1.77,
      "Jersey": 3.1,
      "Jordan": 0,
      "Kazakhstan": 0,
      "Kuwait": 0,
      "Latvia": 0.73,
      "Lithuania": 1.68,
      "Luxembourg": 0.51,
      "Malta": 1.72,
      "Mexico": 0.05,
      "Morocco": 0,
      "Norway": 0.84,
      "Oman": 0.24,
      "Poland": 1.12,
      "Portugal": 0.93,
      "Romania": 0.95,
      "Russia": 0,
      "Serbia": 0,
      "Seychelles": 0.01,
      "Singapore": 0.1,
      "Slovakia": 0.56,
      "Slovenia": 2.1,
      "South Africa": 0,
      "Spain": 1.46,
      "Sweden": 0.33,
      "Switzerland": 0,
      "Turkey": 0,
      "United Arab Emirates": 2.53,
      "United Kingdom": 0.75,
      "United States": 2.24,
      "World": 0.2
    }
  },
  {
    "date": "2021-02-06",
    "data": {
      "Albania": 0.0,
      "Argentina": 0.36,
      "Austria": 0.69,
      "Belgium": 0.95,
      "Bermuda": 2.55,
      "Brazil": 0.0,
      "Bulgaria": 0.25,
      "Canada": 0.45,
      "Cayman Islands": 4.86,
      "Chile": 0.07,
      "Costa Rica": 0.23,
      "Croatia": 0.87,
      "Cyprus": 1.14,
      "Czechia": 0.88,
      "Denmark": 2.37,
      "Ecuador": 0,
      "Estonia": 1.31,
      "European Union": 1.07,
      "Faeroe Islands": 1.24,
      "Finland": 0.88,
      "France": 0.36,
      "Germany": 1.19,
      "Gibraltar": 16.54,
      "Greece": 0.77,
      "Guernsey": 0.78,
      "Hungary": 1.09,
      "Iceland": 1.42,
      "India": 0,
      "Indonesia": 0.05,
      "Ireland": 1.61,
      "Isle of Man": 2.57,
      "Israel": 23.96,
      "Italy": 1.87,
      "Jersey": 3.1,
      "Jordan": 0,
      "Kazakhstan": 0,
      "Kuwait": 0,
      "Latvia": 0.76,
      "Lithuania": 1.71,
      "Luxembourg": 0.51,
      "Malta": 1.98,
      "Mexico": 0.06,
      "Morocco": 0,
      "Norway": 0.85,
      "Oman": 0.24,
      "Poland": 1.16,
      "Portugal": 1.02,
      "Romania": 1.0,
      "Russia": 0,
      "Serbia": 0,
      "Seychelles": 1.61,
      "Singapore": 0.1,
      "Slovakia": 0.57,
      "Slovenia": 2.13,
      "South Africa": 0,
      "Spain": 1.46,
      "Sweden": 0.33,
      "Switzerland": 0,
      "Turkey": 0,
      "United Arab Emirates": 2.53,
      "United Kingdom": 0.75,
      "United States": 2.49,
      "World": 0.21
    }
  },
  {
    "date": "2021-02-07",
    "data": {
      "Albania": 0.0,
      "Argentina": 0.4,
      "Austria": 0.74,
      "Belgium": 0.98,
      "Bermuda": 2.55,
      "Brazil": 0.01,
      "Bulgaria": 0.25,
      "Canada": 0.47,
      "Cayman Islands": 4.86,
      "Chile": 0.07,
      "Costa Rica": 0.23,
      "Croatia": 0.87,
      "Cyprus": 1.14,
      "Czechia": 0.9,
      "Denmark": 2.43,
      "Ecuador": 0,
      "Estonia": 1.32,
      "European Union": 1.13,
      "Faeroe Islands": 1.24,
      "Finland": 0.9,
      "France": 0.37,
      "Germany": 1.22,
      "Gibraltar": 16.54,
      "Greece": 0.77,
      "Guernsey": 4.61,
      "Hungary": 1.11,
      "Iceland": 1.42,
      "India": 0,
      "Indonesia": 0.05,
      "Ireland": 1.76,
      "Isle of Man": 2.57,
      "Israel": 24.75,
      "Italy": 1.92,
      "Jersey": 3.14,
      "Jordan": 0,
      "Kazakhstan": 0,
      "Kuwait": 0,
      "Latvia": 0.77,
      "Lithuania": 1.71,
      "Luxembourg": 0.59,
      "Malta": 2.25,
      "Mexico": 0.06,
      "Morocco": 0,
      "Norway": 0.86,
      "Oman": 0.24,
      "Poland": 1.19,
      "Portugal": 1.03,
      "Romania": 1.04,
      "Russia": 0,
      "Serbia": 0,
      "Seychelles": 1.61,
      "Singapore": 0.1,
      "Slovakia": 0.57,
      "Slovenia": 2.13,
      "South Africa": 0,
      "Spain": 1.68,
      "Sweden": 0.85,
      "Switzerland": 0,
      "Turkey": 0,
      "United Arab Emirates": 2.53,
      "United Kingdom": 0.76,
      "United States": 2.74,
      "World": 0.23
    }
  },
  {
    "date": "2021-02-08",
    "data": {
      "Albania": 0.0,
      "Argentina": 0.42,
      "Austria": 0.79,
      "Belgium": 1.04,
      "Bermuda": 2.55,
      "Brazil": 0.01,
      "Bulgaria": 0.25,
      "Canada": 0.5,
      "Cayman Islands": 4.86,
      "Chile": 0.13,
      "Costa Rica": 0.56,
      "Croatia": 0.87,
      "Cyprus": 1.14,
      "Czechia": 1.01,
      "Denmark": 2.55,
      "Ecuador": 0,
      "Estonia": 1.32,
      "European Union": 1.19,
      "Faeroe Islands": 1.4,
      "Finland": 0.9,
      "France": 0.43,
      "Germany": 1.28,
      "Gibraltar": 18.22,
      "Greece": 0.81,
      "Guernsey": 4.61,
      "Hungary": 1.14,
      "Iceland": 1.42,
      "India": 0,
      "Indonesia": 0.06,
      "Ireland": 1.79,
      "Isle of Man": 2.57,
      "Israel": 25.49,
      "Italy": 1.99,
      "Jersey": 3.14,
      "Jordan": 0,
      "Kazakhstan": 0,
      "Kuwait": 0,
      "Latvia": 0.77,
      "Lithuania": 1.8,
      "Luxembourg": 0.65,
      "Malta": 2.5,
      "Mexico": 0.06,
      "Morocco": 0,
      "Norway": 0.88,
      "Oman": 0.24,
      "Poland": 1.19,
      "Portugal": 1.03,
      "Romania": 1.2,
      "Russia": 0,
      "Serbia": 0,
      "Seychelles": 4.05,
      "Singapore": 0.1,
      "Slovakia": 0.64,
      "Slovenia": 2.13,
      "South Africa": 0,
      "Spain": 1.79,
      "Sweden": 0.85,
      "Switzerland": 0,
      "Turkey": 0,
      "United Arab Emirates": 2.53,
      "United Kingdom": 0.76,
      "United States": 2.85,
      "World": 0.24
    }
  },
  {
    "date": "2021-02-09",
    "data": {
      "Albania": 0.02,
      "Argentina": 0.42,
      "Austria": 0.88,
      "Belgium": 1.2,
      "Bermuda": 2.57,
      "Brazil": 0.02,
      "Bulgaria": 0.26,
      "Canada": 0.54,
      "Cayman Islands": 7.26,
      "Chile": 0.23,
      "Costa Rica": 0.56,
      "Croatia": 1.02,
      "Cyprus": 1.14,
      "Czechia": 1.12,
      "Denmark": 2.64,
      "Ecuador": 0,
      "Estonia": 1.32,
      "European Union": 1.27,
      "Faeroe Islands": 1.4,
      "Finland": 0.97,
      "France": 0.54,
      "Germany": 1.36,
      "Gibraltar": 19.94,
      "Greece": 0.89,
      "Guernsey": 4.61,
      "Hungary": 1.18,
      "Iceland": 1.42,
      "India": 0,
      "Indonesia": 0.08,
      "Ireland": 1.81,
      "Isle of Man": 3.01,
      "Israel": 26.27,
      "Italy": 2.04,
      "Jersey": 3.14,
      "Jordan": 0,
      "Kazakhstan": 0,
      "Kuwait": 0,
      "Latvia": 0.78,
      "Lithuania": 1.86,
      "Luxembourg": 0.71,
      "Malta": 2.75,
      "Mexico": 0.07,
      "Morocco": 0,
      "Norway": 0.94,
      "Oman": 0.24,
      "Poland": 1.27,
      "Portugal": 1.04,
      "Romania": 1.37,
      "Russia": 0,
      "Serbia": 0,
      "Seychelles": 6.81,
      "Singapore": 0.1,
      "Slovakia": 0.78,
      "Slovenia": 2.13,
      "South Africa": 0,
      "Spain": 1.9,
      "Sweden": 0.85,
      "Switzerland": 0,
      "Turkey": 0,
      "United Arab Emirates": 2.53,
      "United Kingdom": 0.77,
      "United States": 2.94,
      "World": 0.25
    }
  },
  {
    "date": "2021-02-10",
    "data": {
      "Albania": 0.02,
      "Argentina": 0.44,
      "Austria": 1.01,
      "Belgium": 1.36,
      "Bermuda": 2.57,
      "Brazil": 0.02,
      "Bulgaria": 0.27,
      "Canada": 0.59,
      "Cayman Islands": 7.87,
      "Chile": 0.28,
      "Costa Rica": 0.56,
      "Croatia": 1.02,
      "Cyprus": 1.14,
      "Czechia": 1.24,
      "Denmark": 2.7,
      "Ecuador": 0,
      "Estonia": 1.44,
      "European Union": 1.35,
      "Faeroe Islands": 2.5,
      "Finland": 1.01,
      "France": 0.65,
      "Germany": 1.45,
      "Gibraltar": 20.0,
      "Greece": 1.02,
      "Guernsey": 4.61,
      "Hungary": 1.21,
      "Iceland": 1.42,
      "India": 0,
      "Indonesia": 0.1,
      "Ireland": 1.82,
      "Isle of Man": 3.48,
      "Israel": 27.1,
      "Italy": 2.08,
      "Jersey": 3.14,
      "Jordan": 0,
      "Kazakhstan": 0,
      "Kuwait": 0,
      "Latvia": 0.79,
      "Lithuania": 1.92,
      "Luxembourg": 0.78,
      "Malta": 2.93,
      "Mexico": 0.07,
      "Morocco": 0,
      "Norway": 1.1,
      "Oman": 0.24,
      "Poland": 1.27,
      "Portugal": 1.14,
      "Romania": 1.56,
      "Russia": 1.16,
      "Serbia": 0.7,
      "Seychelles": 10.51,
      "Singapore": 0.1,
      "Slovakia": 0.9,
      "Slovenia": 2.16,
      "South Africa": 0,
      "Spain": 2.02,
      "Sweden": 0.85,
      "Switzerland": 0,
      "Turkey": 0,
      "United Arab Emirates": 2.53,
      "United Kingdom": 0.77,
      "United States": 3.13,
      "World": 0.29
    }
  },
  {
    "date": "2021-02-11",
    "data": {
      "Albania": 0.02,
      "Argentina": 0.47,
      "Austria": 1.18,
      "Belgium": 1.59,
      "Bermuda": 2.57,
      "Brazil": 0.04,
      "Bulgaria": 0.28,
      "Canada": 0.65,
      "Cayman Islands": 7.87,
      "Chile": 0.29,
      "Costa Rica": 0.56,
      "Croatia": 1.17,
      "Cyprus": 1.14,
      "Czechia": 1.39,
      "Denmark": 2.75,
      "Ecuador": 0,
      "Estonia": 1.51,
      "European Union": 1.46,
      "Faeroe Islands": 2.5,
      "Finland": 1.09,
      "France": 0.8,
      "Germany": 1.54,
      "Gibraltar": 22.76,
      "Greece": 1.17,
      "Guernsey": 4.61,
      "Hungary": 1.25,
      "Iceland": 1.42,
      "India": 0,
      "Indonesia": 0.13,
      "Ireland": 1.82,
      "Isle of Man": 3.91,
      "Israel": 27.92,
      "Italy": 2.11,
      "Jersey": 3.14,
      "Jordan": 0,
      "Kazakhstan": 0,
      "Kuwait": 0,
      "Latvia": 0.82,
      "Lithuania": 1.97,
      "Luxembourg": 0.84,
      "Malta": 3.13,
      "Mexico": 0.07,
      "Morocco": 0,
      "Norway": 1.25,
      "Oman": 0.24,
      "Poland": 1.53,
      "Portugal": 1.31,
      "Romania": 1.74,
      "Russia": 1.16,
      "Serbia": 0.7,
      "Seychelles": 14.1,
      "Singapore": 0.1,
      "Slovakia": 1.02,
      "Slovenia": 2.24,
      "South Africa": 0,
      "Spain": 2.14,
      "Sweden": 0.85,
      "Switzerland": 0,
      "Turkey": 0,
      "United Arab Emirates": 2.53,
      "United Kingdom": 0.78,
      "United States": 3.35,
      "World": 0.31
    }
  },
  {
    "date": "2021-02-12",
    "data": {
      "Albania": 0.02,
      "Argentina": 0.49,
      "Austria": 1.36,
      "Belgium": 1.83,
      "Bermuda": 2.57,
      "Brazil": 0.05,
      "Bulgaria": 0.3,
      "Canada": 0.71,
      "Cayman Islands": 9.69,
      "Chile": 0.29,
      "Costa Rica": 0.56,
      "Croatia": 1.17,
      "Cyprus": 1.14,
      "Czechia": 1.52,
      "Denmark": 2.88,
      "Ecuador": 0,
      "Estonia": 1.61,
      "European Union": 1.55,
      "Faeroe Islands": 2.5,
      "Finland": 1.15,
      "France": 0.91,
      "Germany": 1.63,
      "Gibraltar": 25.51,
      "Greece": 1.34,
      "Guernsey": 4.61,
      "Hungary": 1.29,
      "Iceland": 1.62,
      "India": 0,
      "Indonesia": 0.13,
      "Ireland": 1.82,
      "Isle of Man": 3.91,
      "Israel": 28.35,
      "Italy": 2.14,
      "Jersey": 3.14,
      "Jordan": 0,
      "Kazakhstan": 0,
      "Kuwait": 0,
      "Latvia": 0.85,
      "Lithuania": 2.01,
      "Luxembourg": 0.84,
      "Malta": 3.34,
      "Mexico": 0.07,
      "Morocco": 0,
      "Norway": 1.32,
      "Oman": 0.24,
      "Poland": 1.65,
      "Portugal": 1.55,
      "Romania": 1.92,
      "Russia": 1.16,
      "Serbia": 1.85,
      "Seychelles": 14.1,
      "Singapore": 0.1,
      "Slovakia": 1.14,
      "Slovenia": 2.32,
      "South Africa": 0,
      "Spain": 2.14,
      "Sweden": 0.85,
      "Switzerland": 0,
      "Turkey": 0.4,
      "United Arab Emirates": 2.53,
      "United Kingdom": 0.79,
      "United States": 3.61,
      "World": 0.33
    }
  },
  {
    "date": "2021-02-13",
    "data": {
      "Albania": 0.02,
      "Argentina": 0.52,
      "Austria": 1.52,
      "Belgium": 1.89,
      "Bermuda": 2.57,
      "Brazil": 0.08,
      "Bulgaria": 0.3,
      "Canada": 0.76,
      "Cayman Islands": 9.69,
      "Chile": 0.29,
      "Costa Rica": 0.56,
      "Croatia": 1.17,
      "Cyprus": 1.69,
      "Czechia": 1.55,
      "Denmark": 2.89,
      "Ecuador": 0,
      "Estonia": 1.67,
      "European Union": 1.59,
      "Faeroe Islands": 2.5,
      "Finland": 1.21,
      "France": 0.93,
      "Germany": 1.68,
      "Gibraltar": 28.26,
      "Greece": 1.49,
      "Guernsey": 4.61,
      "Hungary": 1.33,
      "Iceland": 1.62,
      "India": 0.0,
      "Indonesia": 0.15,
      "Ireland": 1.86,
      "Isle of Man": 3.91,
      "Israel": 28.7,
      "Italy": 2.15,
      "Jersey": 3.14,
      "Jordan": 0,
      "Kazakhstan": 0,
      "Kuwait": 0,
      "Latvia": 0.86,
      "Lithuania": 2.01,
      "Luxembourg": 0.84,
      "Malta": 3.53,
      "Mexico": 0.07,
      "Morocco": 0,
      "Norway": 1.32,
      "Oman": 0.24,
      "Poland": 1.69,
      "Portugal": 1.81,
      "Romania": 2.08,
      "Russia": 1.16,
      "Serbia": 1.85,
      "Seychelles": 14.42,
      "Singapore": 0.1,
      "Slovakia": 1.14,
      "Slovenia": 2.33,
      "South Africa": 0,
      "Spain": 2.14,
      "Sweden": 0.85,
      "Switzerland": 0,
      "Turkey": 0.54,
      "United Arab Emirates": 2.53,
      "United Kingdom": 0.79,
      "United States": 3.91,
      "World": 0.35
    }
  },
  {
    "date": "2021-02-14",
    "data": {
      "Albania": 0.02,
      "Argentina": 0.53,
      "Austria": 1.58,
      "Belgium": 1.91,
      "Bermuda": 2.57,
      "Brazil": 0.09,
      "Bulgaria": 0.3,
      "Canada": 0.8,
      "Cayman Islands": 9.69,
      "Chile": 0.29,
      "Costa Rica": 0.56,
      "Croatia": 1.17,
      "Cyprus": 1.69,
      "Czechia": 1.56,
      "Denmark": 2.91,
      "Ecuador": 0,
      "Estonia": 1.68,
      "European Union": 1.64,
      "Faeroe Islands": 2.5,
      "Finland": 1.21,
      "France": 0.94,
      "Germany": 1.72,
      "Gibraltar": 29.84,
      "Greece": 1.49,
      "Guernsey": 7.96,
      "Hungary": 1.34,
      "Iceland": 1.62,
      "India": 0.0,
      "Indonesia": 0.16,
      "Ireland": 1.86,
      "Isle of Man": 3.91,
      "Israel": 29.5,
      "Italy": 2.15,
      "Jersey": 3.22,
      "Jordan": 0,
      "Kazakhstan": 0,
      "Kuwait": 0,
      "Latvia": 0.86,
      "Lithuania": 2.01,
      "Luxembourg": 0.9,
      "Malta": 3.68,
      "Mexico": 0.07,
      "Morocco": 0,
      "Norway": 1.32,
      "Oman": 0.24,
      "Poland": 1.71,
      "Portugal": 1.91,
      "Romania": 2.22,
      "Russia": 1.16,
      "Serbia": 2.67,
      "Seychelles": 14.42,
      "Singapore": 0.1,
      "Slovakia": 1.15,
      "Slovenia": 2.33,
      "South Africa": 0,
      "Spain": 2.29,
      "Sweden": 1.49,
      "Switzerland": 1.18,
      "Turkey": 0.58,
      "United Arab Emirates": 2.53,
      "United Kingdom": 0.79,
      "United States": 4.21,
      "World": 0.37
    }
  },
  {
    "date": "2021-02-15",
    "data": {
      "Albania": 0.02,
      "Argentina": 0.53,
      "Austria": 1.6,
      "Belgium": 2.01,
      "Bermuda": 2.57,
      "Brazil": 0.1,
      "Bulgaria": 0.31,
      "Canada": 0.82,
      "Cayman Islands": 9.69,
      "Chile": 0.29,
      "Costa Rica": 0.84,
      "Croatia": 1.29,
      "Cyprus": 1.69,
      "Czechia": 1.65,
      "Denmark": 2.96,
      "Ecuador": 0,
      "Estonia": 1.68,
      "European Union": 1.71,
      "Faeroe Islands": 2.5,
      "Finland": 1.21,
      "France": 1.06,
      "Germany": 1.78,
      "Gibraltar": 30.41,
      "Greece": 1.62,
      "Guernsey": 7.96,
      "Hungary": 1.36,
      "Iceland": 1.69,
      "India": 0.01,
      "Indonesia": 0.18,
      "Ireland": 1.99,
      "Isle of Man": 3.91,
      "Israel": 30.37,
      "Italy": 2.16,
      "Jersey": 3.22,
      "Jordan": 0,
      "Kazakhstan": 0,
      "Kuwait": 0.89,
      "Latvia": 0.87,
      "Lithuania": 2.03,
      "Luxembourg": 0.95,
      "Malta": 3.87,
      "Mexico": 0.07,
      "Morocco": 0,
      "Norway": 1.34,
      "Oman": 0.24,
      "Poland": 1.74,
      "Portugal": 1.94,
      "Romania": 2.36,
      "Russia": 1.16,
      "Serbia": 2.67,
      "Seychelles": 16.72,
      "Singapore": 0.1,
      "Slovakia": 1.27,
      "Slovenia": 2.33,
      "South Africa": 0,
      "Spain": 2.35,
      "Sweden": 1.49,
      "Switzerland": 1.24,
      "Turkey": 0.68,
      "United Arab Emirates": 2.53,
      "United Kingdom": 0.8,
      "United States": 4.21,
      "World": 0.38
    }
  },
  {
    "date": "2021-02-16",
    "data": {
      "Albania": 0.02,
      "Argentina": 0.53,
      "Austria": 1.68,
      "Belgium": 2.09,
      "Bermuda": 2.57,
      "Brazil": 0.13,
      "Bulgaria": 0.33,
      "Canada": 0.87,
      "Cayman Islands": 9.69,
      "Chile": 0.29,
      "Costa Rica": 0.84,
      "Croatia": 1.29,
      "Cyprus": 1.69,
      "Czechia": 1.73,
      "Denmark": 2.98,
      "Ecuador": 0,
      "Estonia": 1.7,
      "European Union": 1.77,
      "Faeroe Islands": 2.5,
      "Finland": 1.22,
      "France": 1.2,
      "Germany": 1.85,
      "Gibraltar": 31.97,
      "Greece": 1.71,
      "Guernsey": 7.96,
      "Hungary": 1.4,
      "Iceland": 1.74,
      "India": 0.02,
      "Indonesia": 0.2,
      "Ireland": 2.14,
      "Isle of Man": 4.23,
      "Israel": 31.26,
      "Italy": 2.17,
      "Jersey": 3.22,
      "Jordan": 0,
      "Kazakhstan": 0,
      "Kuwait": 0.89,
      "Latvia": 0.87,
      "Lithuania": 2.04,
      "Luxembourg": 1.01,
      "Malta": 4.04,
      "Mexico": 0.07,
      "Morocco": 0,
      "Norway": 1.38,
      "Oman": 0.37,
      "Poland": 1.83,
      "Portugal": 1.99,
      "Romania": 2.5,
      "Russia": 1.16,
      "Serbia": 2.67,
      "Seychelles": 18.48,
      "Singapore": 0.1,
      "Slovakia": 1.39,
      "Slovenia": 2.34,
      "South Africa": 0,
      "Spain": 2.39,
      "Sweden": 1.49,
      "Switzerland": 1.32,
      "Turkey": 0.77,
      "United Arab Emirates": 2.53,
      "United Kingdom": 0.82,
      "United States": 4.49,
      "World": 0.4
    }
  },
  {
    "date": "2021-02-17",
    "data": {
      "Albania": 0.02,
      "Argentina": 0.53,
      "Austria": 1.78,
      "Belgium": 2.2,
      "Bermuda": 2.57,
      "Brazil": 0.26,
      "Bulgaria": 0.35,
      "Canada": 0.91,
      "Cayman Islands": 10.56,
      "Chile": 0.29,
      "Costa Rica": 0.84,
      "Croatia": 1.29,
      "Cyprus": 1.69,
      "Czechia": 1.81,
      "Denmark": 2.99,
      "Ecuador": 0.01,
      "Estonia": 1.75,
      "European Union": 1.86,
      "Faeroe Islands": 2.5,
      "Finland": 1.24,
      "France": 1.36,
      "Germany": 1.91,
      "Gibraltar": 33.55,
      "Greece": 1.83,
      "Guernsey": 7.96,
      "Hungary": 1.46,
      "Iceland": 2.16,
      "India": 0.02,
      "Indonesia": 0.22,
      "Ireland": 2.29,
      "Isle of Man": 4.54,
      "Israel": 32.13,
      "Italy": 2.18,
      "Jersey": 3.22,
      "Jordan": 0,
      "Kazakhstan": 0,
      "Kuwait": 0.89,
      "Latvia": 0.88,
      "Lithuania": 2.18,
      "Luxembourg": 1.04,
      "Malta": 4.2,
      "Mexico": 0.08,
      "Morocco": 0,
      "Norway": 1.56,
      "Oman": 0.37,
      "Poland": 2.05,
      "Portugal": 2.05,
      "Romania": 2.63,
      "Russia": 1.16,
      "Serbia": 2.67,
      "Seychelles": 19.84,
      "Singapore": 0.1,
      "Slovakia": 1.5,
      "Slovenia": 2.37,
      "South Africa": 0,
      "Spain": 2.45,
      "Sweden": 1.49,
      "Switzerland": 1.58,
      "Turkey": 0.88,
      "United Arab Emirates": 2.53,
      "United Kingdom": 0.85,
      "United States": 4.63,
      "World": 0.42
    }
  },
  {
    "date": "2021-02-18",
    "data": {
      "Albania": 0.02,
      "Argentina": 0.54,
      "Austria": 1.94,
      "Belgium": 2.33,
      "Bermuda": 2.57,
      "Brazil": 0.34,
      "Bulgaria": 0.37,
      "Canada": 0.96,
      "Cayman Islands": 10.56,
      "Chile": 0.29,
      "Costa Rica": 0.84,
      "Croatia": 1.34,
      "Cyprus": 1.69,
      "Czechia": 1.88,
      "Denmark": 3.0,
      "Ecuador": 0.01,
      "Estonia": 1.8,
      "European Union": 1.95,
      "Faeroe Islands": 2.5,
      "Finland": 1.27,
      "France": 1.53,
      "Germany": 1.98,
      "Gibraltar": 35.78,
      "Greece": 1.96,
      "Guernsey": 7.96,
      "Hungary": 1.58,
      "Iceland": 2.83,
      "India": 0.03,
      "Indonesia": 0.23,
      "Ireland": 2.44,
      "Isle of Man": 4.83,
      "Israel": 33.05,
      "Italy": 2.2,
      "Jersey": 3.22,
      "Jordan": 0,
      "Kazakhstan": 0,
      "Kuwait": 0.89,
      "Latvia": 0.89,
      "Lithuania": 2.36,
      "Luxembourg": 1.13,
      "Malta": 4.35,
      "Mexico": 0.08,
      "Morocco": 0,
      "Norway": 1.76,
      "Oman": 0.37,
      "Poland": 2.29,
      "Portugal": 2.13,
      "Romania": 2.74,
      "Russia": 1.16,
      "Serbia": 2.67,
      "Seychelles": 21.01,
      "Singapore": 1.88,
      "Slovakia": 1.62,
      "Slovenia": 2.4,
      "South Africa": 0.0,
      "Spain": 2.5,
      "Sweden": 1.49,
      "Switzerland": 1.67,
      "Turkey": 1.03,
      "United Arab Emirates": 2.53,
      "United Kingdom": 0.87,
      "United States": 4.83,
      "World": 0.44
    }
  },
  {
    "date": "2021-02-19",
    "data": {
      "Albania": 0.02,
      "Argentina": 0.56,
      "Austria": 2.05,
      "Belgium": 2.44,
      "Bermuda": 2.57,
      "Brazil": 0.42,
      "Bulgaria": 0.38,
      "Canada": 1.03,
      "Cayman Islands": 10.66,
      "Chile": 0.29,
      "Costa Rica": 0.84,
      "Croatia": 1.34,
      "Cyprus": 1.69,
      "Czechia": 1.94,
      "Denmark": 3.01,
      "Ecuador": 0.01,
      "Estonia": 1.87,
      "European Union": 2.02,
      "Faeroe Islands": 2.5,
      "Finland": 1.29,
      "France": 1.66,
      "Germany": 2.04,
      "Gibraltar": 37.32,
      "Greece": 2.07,
      "Guernsey": 7.96,
      "Hungary": 1.79,
      "Iceland": 2.95,
      "India": 0.05,
      "Indonesia": 0.23,
      "Ireland": 2.56,
      "Isle of Man": 5.51,
      "Israel": 33.49,
      "Italy": 2.21,
      "Jersey": 3.22,
      "Jordan": 0,
      "Kazakhstan": 0,
      "Kuwait": 0.89,
      "Latvia": 0.89,
      "Lithuania": 2.48,
      "Luxembourg": 1.13,
      "Malta": 4.49,
      "Mexico": 0.32,
      "Morocco": 0.01,
      "Norway": 1.85,
      "Oman": 0.37,
      "Poland": 2.42,
      "Portugal": 2.26,
      "Romania": 2.84,
      "Russia": 1.16,
      "Serbia": 2.67,
      "Seychelles": 21.96,
      "Singapore": 1.88,
      "Slovakia": 1.75,
      "Slovenia": 2.43,
      "South Africa": 0.01,
      "Spain": 2.5,
      "Sweden": 1.49,
      "Switzerland": 1.75,
      "Turkey": 1.16,
      "United Arab Emirates": 2.53,
      "United Kingdom": 0.89,
      "United States": 5.09,
      "World": 0.47
    }
  },
  {
    "date": "2021-02-20",
    "data": {
      "Albania": 0.02,
      "Argentina": 0.58,
      "Austria": 2.15,
      "Belgium": 2.45,
      "Bermuda": 2.57,
      "Brazil": 0.5,
      "Bulgaria": 0.39,
      "Canada": 1.07,
      "Cayman Islands": 11.62,
      "Chile": 0.29,
      "Costa Rica": 0.84,
      "Croatia": 1.34,
      "Cyprus": 2.19,
      "Czechia": 1.96,
      "Denmark": 3.02,
      "Ecuador": 0.01,
      "Estonia": 1.95,
      "European Union": 2.06,
      "Faeroe Islands": 2.5,
      "Finland": 1.31,
      "France": 1.7,
      "Germany": 2.08,
      "Gibraltar": 37.32,
      "Greece": 2.18,
      "Guernsey": 7.96,
      "Hungary": 1.97,
      "Iceland": 2.95,
      "India": 0.06,
      "Indonesia": 0.27,
      "Ireland": 2.64,
      "Isle of Man": 5.54,
      "Israel": 33.82,
      "Italy": 2.21,
      "Jersey": 3.22,
      "Jordan": 0,
      "Kazakhstan": 0,
      "Kuwait": 0.89,
      "Latvia": 0.89,
      "Lithuania": 2.48,
      "Luxembourg": 1.13,
      "Malta": 4.57,
      "Mexico": 0.35,
      "Morocco": 0.04,
      "Norway": 1.85,
      "Oman": 0.37,
      "Poland": 2.45,
      "Portugal": 2.38,
      "Romania": 2.93,
      "Russia": 1.16,
      "Serbia": 2.67,
      "Seychelles": 21.96,
      "Singapore": 1.88,
      "Slovakia": 1.75,
      "Slovenia": 2.43,
      "South Africa": 0.02,
      "Spain": 2.5,
      "Sweden": 1.49,
      "Switzerland": 1.78,
      "Turkey": 1.22,
      "United Arab Emirates": 2.53,
      "United Kingdom": 0.91,
      "United States": 5.35,
      "World": 0.49
    }
  },
  {
    "date": "2021-02-21",
    "data": {
      "Albania": 0.02,
      "Argentina": 0.58,
      "Austria": 2.17,
      "Belgium": 2.45,
      "Bermuda": 2.57,
      "Brazil": 0.53,
      "Bulgaria": 0.39,
      "Canada": 1.11,
      "Cayman Islands": 11.62,
      "Chile": 0.29,
      "Costa Rica": 0.84,
      "Croatia": 1.34,
      "Cyprus": 2.19,
      "Czechia": 1.96,
      "Denmark": 3.03,
      "Ecuador": 0.01,
      "Estonia": 1.96,
      "European Union": 2.1,
      "Faeroe Islands": 3.1,
      "Finland": 1.37,
      "France": 1.71,
      "Germany": 2.12,
      "Gibraltar": 37.42,
      "Greece": 2.2,
      "Guernsey": 7.96,
      "Hungary": 2.08,
      "Iceland": 2.95,
      "India": 0.07,
      "Indonesia": 0.27,
      "Ireland": 2.67,
      "Isle of Man": 5.57,
      "Israel": 34.72,
      "Italy": 2.22,
      "Jersey": 3.25,
      "Jordan": 0,
      "Kazakhstan": 0,
      "Kuwait": 0.89,
      "Latvia": 0.89,
      "Lithuania": 2.48,
      "Luxembourg": 1.23,
      "Malta": 4.65,
      "Mexico": 0.35,
      "Morocco": 0.04,
      "Norway": 1.86,
      "Oman": 0.37,
      "Poland": 2.46,
      "Portugal": 2.42,
      "Romania": 2.99,
      "Russia": 1.16,
      "Serbia": 2.67,
      "Seychelles": 21.96,
      "Singapore": 1.88,
      "Slovakia": 1.75,
      "Slovenia": 2.43,
      "South Africa": 0.03,
      "Spain": 2.56,
      "Sweden": 2.23,
      "Switzerland": 2.0,
      "Turkey": 1.25,
      "United Arab Emirates": 2.53,
      "United Kingdom": 0.92,
      "United States": 5.64,
      "World": 0.51
    }
  },
  {
    "date": "2021-02-22",
    "data": {
      "Albania": 0.02,
      "Argentina": 0.58,
      "Austria": 2.2,
      "Belgium": 2.47,
      "Bermuda": 7.66,
      "Brazil": 0.55,
      "Bulgaria": 0.4,
      "Canada": 1.19,
      "Cayman Islands": 11.62,
      "Chile": 0.29,
      "Costa Rica": 0.86,
      "Croatia": 1.41,
      "Cyprus": 2.19,
      "Czechia": 2.02,
      "Denmark": 3.05,
      "Ecuador": 0.01,
      "Estonia": 1.99,
      "European Union": 2.15,
      "Faeroe Islands": 3.1,
      "Finland": 1.37,
      "France": 1.82,
      "Germany": 2.18,
      "Gibraltar": 37.78,
      "Greece": 2.34,
      "Guernsey": 7.96,
      "Hungary": 2.13,
      "Iceland": 3.09,
      "India": 0.08,
      "Indonesia": 0.27,
      "Ireland": 2.7,
      "Isle of Man": 5.56,
      "Israel": 35.64,
      "Italy": 2.22,
      "Jersey": 3.25,
      "Jordan": 0.29,
      "Kazakhstan": 0,
      "Kuwait": 0.89,
      "Latvia": 0.89,
      "Lithuania": 2.54,
      "Luxembourg": 1.32,
      "Malta": 4.79,
      "Mexico": 0.35,
      "Morocco": 0.06,
      "Norway": 1.86,
      "Oman": 0.37,
      "Poland": 2.47,
      "Portugal": 2.43,
      "Romania": 3.07,
      "Russia": 1.16,
      "Serbia": 2.67,
      "Seychelles": 21.96,
      "Singapore": 1.88,
      "Slovakia": 1.88,
      "Slovenia": 2.43,
      "South Africa": 0.04,
      "Spain": 2.58,
      "Sweden": 2.23,
      "Switzerland": 2.07,
      "Turkey": 1.3,
      "United Arab Emirates": 2.53,
      "United Kingdom": 0.95,
      "United States": 5.81,
      "World": 0.52
    }
  },
  {
    "date": "2021-02-23",
    "data": {
      "Albania": 0.02,
      "Argentina": 0.59,
      "Austria": 2.24,
      "Belgium": 2.53,
      "Bermuda": 7.66,
      "Brazil": 0.61,
      "Bulgaria": 0.43,
      "Canada": 1.24,
      "Cayman Islands": 11.71,
      "Chile": 0.29,
      "Costa Rica": 0.86,
      "Croatia": 1.41,
      "Cyprus": 2.32,
      "Czechia": 2.08,
      "Denmark": 3.08,
      "Ecuador": 0.01,
      "Estonia": 2.06,
      "European Union": 2.19,
      "Faeroe Islands": 4.27,
      "Finland": 1.37,
      "France": 1.94,
      "Germany": 2.25,
      "Gibraltar": 38.13,
      "Greece": 2.47,
      "Guernsey": 7.96,
      "Hungary": 2.16,
      "Iceland": 3.09,
      "India": 0.1,
      "Indonesia": 0.29,
      "Ireland": 2.72,
      "Isle of Man": 5.84,
      "Israel": 36.45,
      "Italy": 2.23,
      "Jersey": 3.25,
      "Jordan": 0.29,
      "Kazakhstan": 0,
      "Kuwait": 0.89,
      "Latvia": 0.89,
      "Lithuania": 2.58,
      "Luxembourg": 1.42,
      "Malta": 4.93,
      "Mexico": 0.36,
      "Morocco": 0.08,
      "Norway": 1.95,
      "Oman": 0.37,
      "Poland": 2.47,
      "Portugal": 2.45,
      "Romania": 3.13,
      "Russia": 1.16,
      "Serbia": 6.95,
      "Seychelles": 23.77,
      "Singapore": 1.88,
      "Slovakia": 2.0,
      "Slovenia": 2.43,
      "South Africa": 0.05,
      "Spain": 2.61,
      "Sweden": 2.15,
      "Switzerland": 2.15,
      "Turkey": 1.4,
      "United Arab Emirates": 22.12,
      "United Kingdom": 0.99,
      "United States": 5.94,
      "World": 0.57
    }
  },
  {
    "date": "2021-02-24",
    "data": {
      "Albania": 0.02,
      "Argentina": 0.59,
      "Austria": 2.3,
      "Belgium": 2.59,
      "Bermuda": 7.66,
      "Brazil": 0.68,
      "Bulgaria": 0.46,
      "Canada": 1.28,
      "Cayman Islands": 11.8,
      "Chile": 0.29,
      "Costa Rica": 0.86,
      "Croatia": 1.42,
      "Cyprus": 2.32,
      "Czechia": 2.14,
      "Denmark": 3.11,
      "Ecuador": 0.02,
      "Estonia": 2.13,
      "European Union": 2.27,
      "Faeroe Islands": 5.16,
      "Finland": 1.36,
      "France": 2.06,
      "Germany": 2.32,
      "Gibraltar": 38.37,
      "Greece": 2.61,
      "Guernsey": 7.96,
      "Hungary": 2.18,
      "Iceland": 3.09,
      "India": 0.11,
      "Indonesia": 0.3,
      "Ireland": 2.76,
      "Isle of Man": 6.12,
      "Israel": 37.17,
      "Italy": 2.25,
      "Jersey": 3.25,
      "Jordan": 0.29,
      "Kazakhstan": 0.01,
      "Kuwait": 0.89,
      "Latvia": 0.9,
      "Lithuania": 2.61,
      "Luxembourg": 1.51,
      "Malta": 5.1,
      "Mexico": 0.37,
      "Morocco": 0.1,
      "Norway": 2.36,
      "Oman": 0.37,
      "Poland": 2.73,
      "Portugal": 2.47,
      "Romania": 3.18,
      "Russia": 1.16,
      "Serbia": 7.16,
      "Seychelles": 23.77,
      "Singapore": 1.88,
      "Slovakia": 2.12,
      "Slovenia": 2.44,
      "South Africa": 0.07,
      "Spain": 2.63,
      "Sweden": 2.23,
      "Switzerland": 2.55,
      "Turkey": 1.5,
      "United Arab Emirates": 22.12,
      "United Kingdom": 1.03,
      "United States": 6.16,
      "World": 0.59
    }
  },
  {
    "date": "2021-02-25",
    "data": {
      "Albania": 0.02,
      "Argentina": 0.6,
      "Austria": 2.35,
      "Belgium": 2.66,
      "Bermuda": 7.66,
      "Brazil": 0.75,
      "Bulgaria": 0.5,
      "Canada": 1.32,
      "Cayman Islands": 11.8,
      "Chile": 0.29,
      "Costa Rica": 0.86,
      "Croatia": 1.43,
      "Cyprus": 2.32,
      "Czechia": 2.19,
      "Denmark": 3.13,
      "Ecuador": 0.02,
      "Estonia": 2.14,
      "European Union": 2.33,
      "Faeroe Islands": 5.16,
      "Finland": 1.4,
      "France": 2.2,
      "Germany": 2.38,
      "Gibraltar": 38.61,
      "Greece": 2.75,
      "Guernsey": 7.96,
      "Hungary": 2.49,
      "Iceland": 3.63,
      "India": 0.13,
      "Indonesia": 0.31,
      "Ireland": 2.79,
      "Isle of Man": 6.48,
      "Israel": 37.91,
      "Italy": 2.26,
      "Jersey": 3.25,
      "Jordan": 0.29,
      "Kazakhstan": 0.01,
      "Kuwait": 0.89,
      "Latvia": 0.9,
      "Lithuania": 2.65,
      "Luxembourg": 1.59,
      "Malta": 5.3,
      "Mexico": 0.41,
      "Morocco": 0.12,
      "Norway": 2.81,
      "Oman": 0.37,
      "Poland": 2.73,
      "Portugal": 2.5,
      "Romania": 3.19,
      "Russia": 1.16,
      "Serbia": 7.31,
      "Seychelles": 23.92,
      "Singapore": 1.88,
      "Slovakia": 2.27,
      "Slovenia": 2.45,
      "South Africa": 0.09,
      "Spain": 2.66,
      "Sweden": 2.33,
      "Switzerland": 2.63,
      "Turkey": 1.66,
      "United Arab Emirates": 22.12,
      "United Kingdom": 1.08,
      "United States": 6.45,
      "World": 0.62
    }
  },
  {
    "date": "2021-02-26",
    "data": {
      "Albania": 0.02,
      "Argentina": 0.63,
      "Austria": 2.35,
      "Belgium": 2.7,
      "Bermuda": 7.66,
      "Brazil": 0.83,
      "Bulgaria": 0.54,
      "Canada": 1.36,
      "Cayman Islands": 11.8,
      "Chile": 0.29,
      "Costa Rica": 0.86,
      "Croatia": 1.43,
      "Cyprus": 2.58,
      "Czechia": 2.24,
      "Denmark": 3.14,
      "Ecuador": 0.02,
      "Estonia": 2.14,
      "European Union": 2.4,
      "Faeroe Islands": 5.16,
      "Finland": 1.44,
      "France": 2.3,
      "Germany": 2.44,
      "Gibraltar": 39.11,
      "Greece": 2.89,
      "Guernsey": 7.96,
      "Hungary": 2.53,
      "Iceland": 3.68,
      "India": 0.16,
      "Indonesia": 0.32,
      "Ireland": 2.84,
      "Isle of Man": 7.39,
      "Israel": 38.27,
      "Italy": 2.29,
      "Jersey": 3.25,
      "Jordan": 0.29,
      "Kazakhstan": 0.01,
      "Kuwait": 0.89,
      "Latvia": 0.9,
      "Lithuania": 2.69,
      "Luxembourg": 1.59,
      "Malta": 5.69,
      "Mexico": 0.44,
      "Morocco": 0.26,
      "Norway": 2.99,
      "Oman": 0.37,
      "Poland": 3.09,
      "Portugal": 2.53,
      "Romania": 3.2,
      "Russia": 1.16,
      "Serbia": 7.45,
      "Seychelles": 23.92,
      "Singapore": 1.88,
      "Slovakia": 2.43,
      "Slovenia": 2.47,
      "South Africa": 0.11,
      "Spain": 2.66,
      "Sweden": 2.44,
      "Switzerland": 2.7,
      "Turkey": 1.84,
      "United Arab Emirates": 22.12,
      "United Kingdom": 1.13,
      "United States": 6.76,
      "World": 0.65
    }
  },
  {
    "date": "2021-02-27",
    "data": {
      "Albania": 0.02,
      "Argentina": 0.64,
      "Austria": 2.35,
      "Belgium": 2.7,
      "Bermuda": 11.31,
      "Brazil": 0.89,
      "Bulgaria": 0.54,
      "Canada": 1.38,
      "Cayman Islands": 11.8,
      "Chile": 0.29,
      "Costa Rica": 0.86,
      "Croatia": 1.43,
      "Cyprus": 2.58,
      "Czechia": 2.24,
      "Denmark": 3.16,
      "Ecuador": 0.02,
      "Estonia": 2.53,
      "European Union": 2.43,
      "Faeroe Islands": 5.16,
      "Finland": 1.46,
      "France": 2.33,
      "Germany": 2.49,
      "Gibraltar": 39.45,
      "Greece": 3.01,
      "Guernsey": 7.96,
      "Hungary": 2.58,
      "Iceland": 3.68,
      "India": 0.18,
      "Indonesia": 0.36,
      "Ireland": 2.86,
      "Isle of Man": 8.17,
      "Israel": 38.51,
      "Italy": 2.31,
      "Jersey": 3.25,
      "Jordan": 0.29,
      "Kazakhstan": 0.01,
      "Kuwait": 0.89,
      "Latvia": 0.9,
      "Lithuania": 2.69,
      "Luxembourg": 1.59,
      "Malta": 6.07,
      "Mexico": 0.44,
      "Morocco": 0.44,
      "Norway": 2.99,
      "Oman": 0.37,
      "Poland": 3.09,
      "Portugal": 2.59,
      "Romania": 3.21,
      "Russia": 1.16,
      "Serbia": 7.52,
      "Seychelles": 23.95,
      "Singapore": 1.88,
      "Slovakia": 2.45,
      "Slovenia": 2.47,
      "South Africa": 0.11,
      "Spain": 2.66,
      "Sweden": 2.44,
      "Switzerland": 2.71,
      "Turkey": 1.97,
      "United Arab Emirates": 22.12,
      "United Kingdom": 1.17,
      "United States": 7.09,
      "World": 0.67
    }
  },
  {
    "date": "2021-02-28",
    "data": {
      "Albania": 0.02,
      "Argentina": 0.65,
      "Austria": 2.35,
      "Belgium": 2.71,
      "Bermuda": 11.31,
      "Brazil": 0.9,
      "Bulgaria": 0.54,
      "Canada": 1.39,
      "Cayman Islands": 11.8,
      "Chile": 0.29,
      "Costa Rica": 0.86,
      "Croatia": 1.43,
      "Cyprus": 2.58,
      "Czechia": 2.25,
      "Denmark": 3.19,
      "Ecuador": 0.02,
      "Estonia": 2.53,
      "European Union": 2.45,
      "Faeroe Islands": 5.16,
      "Finland": 1.46,
      "France": 2.34,
      "Germany": 2.52,
      "Gibraltar": 39.45,
      "Greece": 3.01,
      "Guernsey": 7.96,
      "Hungary": 2.61,
      "Iceland": 3.68,
      "India": 0.18,
      "Indonesia": 0.37,
      "Ireland": 2.86,
      "Isle of Man": 8.62,
      "Israel": 39.13,
      "Italy": 2.32,
      "Jersey": 3.25,
      "Jordan": 0.29,
      "Kazakhstan": 0.01,
      "Kuwait": 0.89,
      "Latvia": 0.9,
      "Lithuania": 2.69,
      "Luxembourg": 1.71,
      "Malta": 6.35,
      "Mexico": 0.44,
      "Morocco": 0.44,
      "Norway": 3.0,
      "Oman": 0.37,
      "Poland": 3.14,
      "Portugal": 2.6,
      "Romania": 3.21,
      "Russia": 1.16,
      "Serbia": 7.52,
      "Seychelles": 23.95,
      "Singapore": 1.88,
      "Slovakia": 2.45,
      "Slovenia": 2.47,
      "South Africa": 0.12,
      "Spain": 2.7,
      "Sweden": 2.44,
      "Switzerland": 2.99,
      "Turkey": 1.99,
      "United Arab Emirates": 22.12,
      "United Kingdom": 1.2,
      "United States": 7.41,
      "World": 0.69
    }
  },
  {
    "date": "2021-03-01",
    "data": {
      "Albania": 0.02,
      "Argentina": 0.65,
      "Austria": 2.35,
      "Belgium": 2.71,
      "Bermuda": 11.31,
      "Brazil": 0.9,
      "Bulgaria": 0.56,
      "Canada": 1.43,
      "Cayman Islands": 11.8,
      "Chile": 0.3,
      "Costa Rica": 0.91,
      "Croatia": 1.46,
      "Cyprus": 2.58,
      "Czechia": 2.28,
      "Denmark": 3.21,
      "Ecuador": 0.04,
      "Estonia": 2.57,
      "European Union": 2.49,
      "Faeroe Islands": 5.16,
      "Finland": 1.48,
      "France": 2.42,
      "Germany": 2.58,
      "Gibraltar": 40.68,
      "Greece": 3.14,
      "Guernsey": 7.96,
      "Hungary": 2.62,
      "Iceland": 3.69,
      "India": 0.19,
      "Indonesia": 0.39,
      "Ireland": 2.86,
      "Isle of Man": 9.03,
      "Israel": 39.81,
      "Italy": 2.36,
      "Jersey": 3.25,
      "Jordan": 0.29,
      "Kazakhstan": 0.01,
      "Kuwait": 0.89,
      "Latvia": 0.91,
      "Lithuania": 2.69,
      "Luxembourg": 1.83,
      "Malta": 6.57,
      "Mexico": 0.44,
      "Morocco": 0.63,
      "Norway": 3.0,
      "Oman": 0.37,
      "Poland": 3.15,
      "Portugal": 2.6,
      "Romania": 3.21,
      "Russia": 0.75,
      "Serbia": 7.7,
      "Seychelles": 24.64,
      "Singapore": 3.54,
      "Slovakia": 2.61,
      "Slovenia": 2.47,
      "South Africa": 0.12,
      "Spain": 2.71,
      "Sweden": 2.44,
      "Switzerland": 2.99,
      "Turkey": 2.13,
      "United Arab Emirates": 22.12,
      "United Kingdom": 1.24,
      "United States": 7.61,
      "World": 0.7
    }
  },
  {
    "date": "2021-03-02",
    "data": {
      "Albania": 0.02,
      "Argentina": 0.67,
      "Austria": 2.35,
      "Belgium": 2.71,
      "Bermuda": 11.31,
      "Brazil": 0.96,
      "Bulgaria": 0.6,
      "Canada": 1.45,
      "Cayman Islands": 11.8,
      "Chile": 0.35,
      "Costa Rica": 0.91,
      "Croatia": 1.46,
      "Cyprus": 2.58,
      "Czechia": 2.3,
      "Denmark": 3.21,
      "Ecuador": 0.04,
      "Estonia": 2.64,
      "European Union": 2.51,
      "Faeroe Islands": 5.16,
      "Finland": 1.48,
      "France": 2.42,
      "Germany": 2.64,
      "Gibraltar": 40.68,
      "Greece": 3.26,
      "Guernsey": 7.96,
      "Hungary": 2.62,
      "Iceland": 3.71,
      "India": 0.2,
      "Indonesia": 0.39,
      "Ireland": 2.86,
      "Isle of Man": 9.06,
      "Israel": 40.48,
      "Italy": 2.4,
      "Jersey": 3.25,
      "Jordan": 0.29,
      "Kazakhstan": 0.01,
      "Kuwait": 0.89,
      "Latvia": 0.93,
      "Lithuania": 2.71,
      "Luxembourg": 1.83,
      "Malta": 6.57,
      "Mexico": 0.44,
      "Morocco": 0.8,
      "Norway": 3.0,
      "Oman": 0.37,
      "Poland": 3.15,
      "Portugal": 2.62,
      "Romania": 3.21,
      "Russia": 0.75,
      "Serbia": 7.8,
      "Seychelles": 24.64,
      "Singapore": 3.54,
      "Slovakia": 2.61,
      "Slovenia": 2.47,
      "South Africa": 0.12,
      "Spain": 2.71,
      "Sweden": 2.71,
      "Switzerland": 2.99,
      "Turkey": 2.31,
      "United Arab Emirates": 22.12,
      "United Kingdom": 1.24,
      "United States": 7.82,
      "World": 0.72
    }
  },
  {
    "date": "2021-03-03",
    "data": {
      "Albania": 0.02,
      "Argentina": 0.67,
      "Austria": 2.35,
      "Belgium": 2.71,
      "Bermuda": 11.31,
      "Brazil": 0.96,
      "Bulgaria": 0.6,
      "Canada": 1.45,
      "Cayman Islands": 11.8,
      "Chile": 0.35,
      "Costa Rica": 0.91,
      "Croatia": 1.46,
      "Cyprus": 2.58,
      "Czechia": 2.3,
      "Denmark": 3.21,
      "Ecuador": 0.04,
      "Estonia": 2.64,
      "European Union": 2.51,
      "Faeroe Islands": 5.16,
      "Finland": 1.48,
      "France": 2.42,
      "Germany": 2.64,
      "Gibraltar": 40.68,
      "Greece": 3.26,
      "Guernsey": 7.96,
      "Hungary": 2.62,
      "Iceland": 3.71,
      "India": 0.2,
      "Indonesia": 0.39,
      "Ireland": 2.86,
      "Isle of Man": 9.06,
      "Israel": 40.48,
      "Italy": 2.4,
      "Jersey": 3.25,
      "Jordan": 0.29,
      "Kazakhstan": 0.01,
      "Kuwait": 0.89,
      "Latvia": 0.93,
      "Lithuania": 2.71,
      "Luxembourg": 1.83,
      "Malta": 6.57,
      "Mexico": 0.44,
      "Morocco": 0.8,
      "Norway": 3.0,
      "Oman": 0.37,
      "Poland": 3.15,
      "Portugal": 2.62,
      "Romania": 3.21,
      "Russia": 0.75,
      "Serbia": 7.8,
      "Seychelles": 24.64,
      "Singapore": 3.54,
      "Slovakia": 2.61,
      "Slovenia": 2.47,
      "South Africa": 0.12,
      "Spain": 2.71,
      "Sweden": 2.71,
      "Switzerland": 2.99,
      "Turkey": 2.31,
      "United Arab Emirates": 22.12,
      "United Kingdom": 1.24,
      "United States": 7.82,
      "World": 0.72
    }
  }
]